dz,sigma1,dm,err,err_hard,err_pa,err_oracle,eps,lam_proxy,lam_oracle,entropy
0.75,0.3,1.5,20.40717761092702,16.518605260012933,17.898462706499124,0.1271991296533121,0.7512625689758133,0.12436998892357998,0.03799917810575831,0.40616067155027147
0.75,0.3,3.0,15.96132196192884,14.276679801781562,14.599201241097617,0.12719810649270252,0.7512625689758133,0.2569032374592851,0.03799864223795351,0.40616067155027147
0.75,0.3,6.0,10.292098426268733,9.405891793079565,9.348069865662014,0.12719575253665885,0.7512625689758133,0.8520179965898371,0.03799803951739125,0.40616067155027147
0.75,0.75,1.5,14.717638368482682,13.164021608593817,13.037277285666772,0.07348930122198824,0.7512625689758133,0.1441156672518925,0.23748098665517686,0.40616067155027147
0.75,0.75,3.0,14.508083099295895,12.869606007855777,12.658421660544679,0.07348884636873004,0.7512625689758133,0.28150734491442964,0.23747958668458374,0.40616067155027147
0.75,0.75,6.0,10.004158956107585,9.159997947911876,9.047747842874518,0.0734879447299599,0.7512625689758133,0.8778158833264743,0.2374768917831826,0.40616067155027147
0.75,1.5,1.5,9.19855801301347,8.653386757765809,8.24887288971358,0.054289687970607174,0.7512625689758133,0.23456436041790613,0.5639747140259088,0.40616067155027147
0.75,1.5,3.0,11.384356158318319,10.34317209525618,10.114407607602672,0.05428959356572789,0.7512625689758133,0.3801026766137657,0.5639742835959441,0.40616067155027147
0.75,1.5,6.0,9.283805285863824,8.510143878648705,8.383215125561957,0.054289414768358704,0.7512625689758133,0.9596821964603858,0.5639734746075091,0.40616067155027147
1.25,0.3,1.5,23.223687556314893,15.735680552348184,17.929178842551714,0.1271991296533121,0.4832351081512386,0.16068110406875946,0.03799917810575831,0.3673803318728339
1.25,0.3,3.0,17.877323337824123,13.350678713882793,14.115529246805096,0.12719810649270252,0.4832351081512386,0.39308420386079224,0.03799864223795351,0.3673803318728339
1.25,0.3,6.0,11.62561693533037,9.153452230469057,9.020600163694194,0.12719575253665885,0.4832351081512386,1.2489575607861636,0.03799803951739125,0.3673803318728339
1.25,0.75,1.5,14.69040622028392,10.859545860588048,10.518033973336953,0.07348930122198824,0.4832351081512386,0.25830944426647207,0.23748098665517686,0.3673803318728339
1.25,0.75,3.0,15.202049201924936,11.7585518211635,11.366387431542321,0.07348884636873004,0.4832351081512386,0.47846165566887744,0.23747958668458374,0.3673803318728339
1.25,0.75,6.0,11.237391758076008,8.879413291488085,8.64489463948583,0.0734879447299599,0.4832351081512386,1.3043804550493863,0.2374768917831826,0.3673803318728339
1.25,1.5,1.5,8.696517766615056,6.83938223792733,6.140471497830848,0.054289687970607174,0.4832351081512386,0.45863938433062673,0.5639747140259088,0.3673803318728339
1.25,1.5,3.0,11.394073576193497,9.067244533294318,8.479553147666966,0.05428959356572789,0.4832351081512386,0.6668122154414629,0.5639742835959441,0.3673803318728339
1.25,1.5,6.0,10.174019538229661,8.097519737308222,7.845259525943009,0.054289414768358704,0.4832351081512386,1.4946703471212073,0.5639734746075091,0.3673803318728339
2.0,0.3,1.5,23.064523017276677,13.755932143386048,14.466472516628244,0.1271991296533121,0.24627349801682497,0.1231369184471583,0.03799917810575831,0.19906914964430852
2.0,0.3,3.0,19.54560678087599,11.858394954288762,13.130149262491711,0.12719810649270252,0.24627349801682497,0.2974226578030571,0.03799864223795351,0.19906914964430852
2.0,0.3,6.0,13.706693695645374,8.454694384511193,8.569715160541264,0.12719575253665885,0.24627349801682497,0.962253067252414,0.03799803951739125,0.19906914964430852
2.0,0.75,1.5,10.918290859773625,7.415449414429464,6.129704979762883,0.07348930122198824,0.24627349801682497,0.27807481477591983,0.23748098665517686,0.19906914964430852
2.0,0.75,3.0,13.801841413076197,9.185757672004922,8.525776590970501,0.07348884636873004,0.24627349801682497,0.45235936014414746,0.23747958668458374,0.19906914964430852
2.0,0.75,6.0,12.531847179134054,7.983009689056633,7.606167966713305,0.0734879447299599,0.24627349801682497,1.092093593746665,0.2374768917831826,0.19906914964430852
2.0,1.5,1.5,5.731767246202562,4.150408552141347,3.4443748911948617,0.054289687970607174,0.24627349801682497,0.5725902608496455,0.5639747140259088,0.19906914964430852
2.0,1.5,3.0,9.220413679771976,6.4460188466750505,5.588319119840605,0.05428959356572789,0.24627349801682497,0.7364371485827229,0.5639742835959441,0.19906914964430852
2.0,1.5,6.0,10.404599278068874,6.897770207867744,6.358048374294508,0.054289414768358704,0.24627349801682497,1.3434780111834135,0.5639734746075091,0.19906914964430852
3.0,0.3,1.5,17.477691438915024,9.252854805905773,9.279752579329466,0.1271991296533121,0.09337826594403303,0.07345947723717898,0.03799917810575831,0.08130564615325056
3.0,0.3,3.0,18.015403740753698,9.422274222910962,10.570604257451713,0.12719810649270252,0.09337826594403303,0.1460486534439916,0.03799864223795351,0.08130564615325056
3.0,0.3,6.0,13.910559065099253,6.921540592755369,7.629819795892236,0.12719575253665885,0.09337826594403303,0.4495990670160641,0.03799803951739125,0.08130564615325056
3.0,0.75,1.5,5.38374128664736,3.2786732027637417,2.7038345237531627,0.07348930122198824,0.09337826594403303,0.25817655337368406,0.23748098665517686,0.08130564615325056
3.0,0.75,3.0,8.858484200658935,5.312972434476327,4.610302014229759,0.07348884636873004,0.09337826594403303,0.33715100638288586,0.23747958668458374,0.08130564615325056
3.0,0.75,6.0,10.69088176972776,5.8613174808590776,5.488148609845268,0.0734879447299599,0.09337826594403303,0.6322005267663011,0.2374768917831826,0.08130564615325056
3.0,1.5,1.5,2.6544109473075443,1.8634046052425872,1.4825780847135195,0.054289687970607174,0.09337826594403303,0.5818285127532112,0.5639747140259088,0.08130564615325056
3.0,1.5,3.0,4.857255292316433,3.1985422843704123,2.6229105292826302,0.05428959356572789,0.09337826594403303,0.6457431970323003,0.5639742835959441,0.08130564615325056
3.0,1.5,6.0,7.557132670831409,4.4538240329655725,3.917651255785094,0.054289414768358704,0.09337826594403303,0.9244650701220496,0.5639734746075091,0.08130564615325056
