City,Horizon,Type,ATE_Effect,ATE_SE,CI_95_Lower,CI_95_Upper,p_value,Regime_1_Effect,Regime_1_SE,Regime_2_Effect,Regime_2_SE
Delhi,-6,Pre-Treatment Placebo,0.5664,0.1262,0.319,0.8138,0.0,1.3756,0.1236,-0.036,0.0794
Delhi,-3,Pre-Treatment Placebo,0.0687,0.0253,0.019,0.1183,0.0067,0.1615,0.0299,-0.0006,0.0321
Delhi,-1,Pre-Treatment Placebo,-0.0147,0.0036,-0.0216,-0.0077,0.0,-0.0278,0.0073,-0.0048,0.0009
Delhi,0,Contemporaneous,0.3742,0.0642,0.2484,0.5,0.0,0.7038,0.0513,0.1281,0.0743
Delhi,1,Post-Treatment Effect,1.0502,0.1029,0.8486,1.2519,0.0,1.6884,0.0844,0.5736,0.0846
Delhi,3,Post-Treatment Effect,1.1428,0.1506,0.8477,1.438,0.0,2.1534,0.1464,0.3874,0.0655
Delhi,6,Post-Treatment Effect,0.5978,0.1286,0.3457,0.8498,0.0,1.4293,0.1332,-0.0245,0.0692
Delhi,12,Post-Treatment Effect,0.2765,0.1004,0.0797,0.4734,0.0059,0.8479,0.1172,-0.1519,0.0794
Delhi,24,Post-Treatment Effect,0.2911,0.105,0.0852,0.4969,0.0056,0.8585,0.1493,-0.136,0.0713
Mumbai,-6,Pre-Treatment Placebo,-2.1278,2.2198,-6.4786,2.2229,0.3378,-4.5407,4.3572,0.3261,1.0407
Mumbai,-3,Pre-Treatment Placebo,-0.7034,0.9454,-2.5564,1.1496,0.4569,-1.5251,1.9468,0.1231,0.2563
Mumbai,-1,Pre-Treatment Placebo,0.0005,0.0005,-0.0004,0.0014,0.2494,-0.0,0.0,0.0011,0.001
Mumbai,0,Contemporaneous,1.5926,4.3636,-6.96,10.1451,0.7151,-0.0294,8.7189,3.3036,1.48
Mumbai,1,Post-Treatment Effect,5.6619,2.8247,0.1254,11.1983,0.045,9.7433,5.1153,1.3435,2.5758
Mumbai,3,Post-Treatment Effect,-0.9316,1.8267,-4.512,2.6488,0.6101,-4.4179,2.373,2.7755,3.0866
Mumbai,6,Post-Treatment Effect,2.3506,2.2568,-2.0728,6.774,0.2976,0.457,3.2898,4.3708,3.4022
Mumbai,12,Post-Treatment Effect,-1.2055,2.5072,-6.1196,3.7087,0.6307,-7.3258,3.4764,5.2533,4.0741
Mumbai,24,Post-Treatment Effect,0.211,4.1435,-7.9102,8.3322,0.9594,-8.2212,6.0359,9.0173,5.763
Bengaluru,-6,Pre-Treatment Placebo,-0.0978,0.0528,-0.2012,0.0056,0.0638,-0.0516,0.0867,-0.1477,0.0644
Bengaluru,-3,Pre-Treatment Placebo,-0.0053,0.0106,-0.0261,0.0156,0.6194,-0.0192,0.0201,0.0097,0.0104
Bengaluru,-1,Pre-Treatment Placebo,0.0,0.0,-0.0,0.0,0.9884,0.0,0.0,0.0,0.0
Bengaluru,0,Contemporaneous,-0.0258,0.079,-0.1806,0.129,0.7436,0.0916,0.1551,-0.1528,0.0689
Bengaluru,1,Post-Treatment Effect,-0.0236,0.0661,-0.1531,0.1059,0.7213,0.1026,0.1193,-0.1599,0.0851
Bengaluru,3,Post-Treatment Effect,-0.0677,0.0426,-0.1511,0.0158,0.112,-0.0038,0.0646,-0.1368,0.0736
Bengaluru,6,Post-Treatment Effect,-0.0863,0.0489,-0.1823,0.0096,0.0777,-0.015,0.0719,-0.1634,0.079
Bengaluru,12,Post-Treatment Effect,-0.1141,0.0593,-0.2304,0.0022,0.0546,0.0718,0.1173,-0.3152,0.0695
Bengaluru,24,Post-Treatment Effect,-0.1241,0.0653,-0.252,0.0038,0.0572,0.0706,0.091,-0.3351,0.1335
Kolkata,-6,Pre-Treatment Placebo,-1.5298,2.0372,-5.5228,2.4632,0.4527,-3.2422,2.6716,1.1594,2.7357
Kolkata,-3,Pre-Treatment Placebo,0.0199,0.2938,-0.5559,0.5957,0.9459,-0.4112,0.3194,0.6964,0.6611
Kolkata,-1,Pre-Treatment Placebo,-0.0012,0.0017,-0.0046,0.0022,0.4943,-0.0019,0.0028,-0.0,0.0011
Kolkata,0,Contemporaneous,-0.0012,1.2995,-2.5481,2.5458,0.9993,0.6789,1.4037,-1.0655,2.6684
Kolkata,1,Post-Treatment Effect,-0.5572,1.8645,-4.2116,3.0972,0.765,0.6389,2.075,-2.4249,3.2618
Kolkata,3,Post-Treatment Effect,-1.4057,3.0451,-7.3741,4.5626,0.6443,2.5342,4.1089,-7.5572,3.0426
Kolkata,6,Post-Treatment Effect,0.9135,4.044,-7.0128,8.8398,0.8213,3.5677,5.9391,-3.235,3.109
Kolkata,12,Post-Treatment Effect,-0.4058,4.6273,-9.4753,8.6637,0.9301,-0.1603,6.4137,-0.7846,4.3043
Kolkata,24,Post-Treatment Effect,-5.9583,5.4777,-16.6946,4.778,0.2767,-13.5839,7.6326,5.8678,5.3857
