rep_id,persistence,n_switches,method,bias_ate,cov
0,0.3,561,Spectral OR-DML,1.0989573853536974,0.0
0,0.3,561,Hard Regime FE,0.7052423813928024,
1,0.3,548,Spectral OR-DML,1.4939210257379227,0.0
1,0.3,548,Hard Regime FE,1.2947145393839299,
2,0.3,553,Spectral OR-DML,1.1725139650475338,0.0
2,0.3,553,Hard Regime FE,0.8282017612184482,
3,0.3,579,Spectral OR-DML,1.7494885993730835,0.0
3,0.3,579,Hard Regime FE,1.0946167053658242,
4,0.3,571,Spectral OR-DML,1.9600395150393117,0.0
4,0.3,571,Hard Regime FE,1.4818878806155111,
5,0.3,551,Spectral OR-DML,1.7735331832579178,0.0
5,0.3,551,Hard Regime FE,1.1796100006301589,
6,0.3,567,Spectral OR-DML,1.628316620556323,0.0
6,0.3,567,Hard Regime FE,1.2940221535631955,
7,0.3,548,Spectral OR-DML,1.6840354923039573,0.0
7,0.3,548,Hard Regime FE,1.3781605912591646,
8,0.3,520,Spectral OR-DML,1.8437851670705667,0.0
8,0.3,520,Hard Regime FE,1.4908304719109893,
9,0.3,573,Spectral OR-DML,1.4669659838200202,0.0
9,0.3,573,Hard Regime FE,1.0028775003650843,
10,0.3,548,Spectral OR-DML,1.286369511270967,0.0
10,0.3,548,Hard Regime FE,0.895102319203744,
11,0.3,531,Spectral OR-DML,1.5475427797947576,0.0
11,0.3,531,Hard Regime FE,0.906777511312916,
12,0.3,574,Spectral OR-DML,1.5603610684760394,0.0
12,0.3,574,Hard Regime FE,1.0993754820809656,
13,0.3,562,Spectral OR-DML,1.208881885742163,0.0
13,0.3,562,Hard Regime FE,0.7560171387742347,
14,0.3,540,Spectral OR-DML,1.3061682097073217,0.0
14,0.3,540,Hard Regime FE,0.9353201288182778,
15,0.3,580,Spectral OR-DML,1.4354801556695014,0.0
15,0.3,580,Hard Regime FE,0.9277773258383895,
16,0.3,564,Spectral OR-DML,1.4936896539239632,0.0
16,0.3,564,Hard Regime FE,1.0775208547142858,
17,0.3,542,Spectral OR-DML,1.7864211089655617,0.0
17,0.3,542,Hard Regime FE,1.2709734706892335,
18,0.3,575,Spectral OR-DML,1.425931281974088,0.0
18,0.3,575,Hard Regime FE,1.0136709521905454,
19,0.3,566,Spectral OR-DML,1.2600656829304402,0.0
19,0.3,566,Hard Regime FE,0.8865440112986365,
20,0.3,580,Spectral OR-DML,1.4504868917259408,0.0
20,0.3,580,Hard Regime FE,0.8703089248983633,
21,0.3,567,Spectral OR-DML,1.2112594425280383,0.0
21,0.3,567,Hard Regime FE,0.7498995807296547,
22,0.3,561,Spectral OR-DML,2.0123237596713595,0.0
22,0.3,561,Hard Regime FE,1.3907738957319826,
23,0.3,565,Spectral OR-DML,1.056293621462864,0.0
23,0.3,565,Hard Regime FE,0.6156097243360081,
24,0.3,544,Spectral OR-DML,1.164641597545904,0.0
24,0.3,544,Hard Regime FE,0.5858731766283927,
25,0.3,570,Spectral OR-DML,1.4315421570973497,0.0
25,0.3,570,Hard Regime FE,1.0025968575869948,
26,0.3,570,Spectral OR-DML,1.4438893466122265,0.0
26,0.3,570,Hard Regime FE,0.8855718541039943,
27,0.3,572,Spectral OR-DML,1.7626740826558969,0.0
27,0.3,572,Hard Regime FE,1.286799975919267,
28,0.3,574,Spectral OR-DML,1.5104742225431478,0.0
28,0.3,574,Hard Regime FE,1.2529340444687342,
29,0.3,555,Spectral OR-DML,1.2398363406703496,0.0
29,0.3,555,Hard Regime FE,0.8607963821912903,
30,0.3,542,Spectral OR-DML,1.2217139467164904,0.0
30,0.3,542,Hard Regime FE,0.6798725368757461,
31,0.3,564,Spectral OR-DML,2.120008247202219,0.0
31,0.3,564,Hard Regime FE,1.5396805553677626,
32,0.3,572,Spectral OR-DML,1.228209139348579,0.0
32,0.3,572,Hard Regime FE,1.0804108416242109,
33,0.3,578,Spectral OR-DML,1.1000317795922308,0.0
33,0.3,578,Hard Regime FE,0.8053132813601307,
34,0.3,576,Spectral OR-DML,1.1526039237336088,0.0
34,0.3,576,Hard Regime FE,0.7703671133408627,
35,0.3,571,Spectral OR-DML,1.7614960763492413,0.0
35,0.3,571,Hard Regime FE,1.5217600741074238,
36,0.3,561,Spectral OR-DML,1.1968238918943532,0.0
36,0.3,561,Hard Regime FE,0.8160273577588097,
37,0.3,572,Spectral OR-DML,1.439527937848562,0.0
37,0.3,572,Hard Regime FE,0.9951130443315597,
38,0.3,544,Spectral OR-DML,1.1748827376059072,0.0
38,0.3,544,Hard Regime FE,0.7366044007586061,
39,0.3,553,Spectral OR-DML,1.2167699653088198,0.0
39,0.3,553,Hard Regime FE,0.8177610497314243,
0,0.5,403,Spectral OR-DML,1.243673870424478,0.0
0,0.5,403,Hard Regime FE,0.6046134487387502,
1,0.5,382,Spectral OR-DML,1.4053546950172975,0.0
1,0.5,382,Hard Regime FE,1.0967571577218074,
2,0.5,402,Spectral OR-DML,1.3396204526178388,0.0
2,0.5,402,Hard Regime FE,0.7597178595778566,
3,0.5,421,Spectral OR-DML,1.1852027555988767,0.0
3,0.5,421,Hard Regime FE,0.6626641155032531,
4,0.5,431,Spectral OR-DML,1.5515342646712438,0.0
4,0.5,431,Hard Regime FE,1.2643319974504212,
5,0.5,418,Spectral OR-DML,1.479822968173203,0.0
5,0.5,418,Hard Regime FE,0.9560928649657123,
6,0.5,399,Spectral OR-DML,1.3702606747968287,0.0
6,0.5,399,Hard Regime FE,0.7821207362802869,
7,0.5,409,Spectral OR-DML,1.5002982443040387,0.0
7,0.5,409,Hard Regime FE,1.0192489003785612,
8,0.5,410,Spectral OR-DML,1.1396016872320955,0.0
8,0.5,410,Hard Regime FE,0.6522932395712893,
9,0.5,396,Spectral OR-DML,1.038455761978828,0.0
9,0.5,396,Hard Regime FE,0.615068937651678,
10,0.5,406,Spectral OR-DML,1.0939235790613604,0.0
10,0.5,406,Hard Regime FE,0.6598826595408251,
11,0.5,413,Spectral OR-DML,1.1310738669896891,0.0
11,0.5,413,Hard Regime FE,0.9953245367546737,
12,0.5,378,Spectral OR-DML,1.1296388035618707,0.0
12,0.5,378,Hard Regime FE,0.5290910068249111,
13,0.5,415,Spectral OR-DML,1.2323848239592259,0.0
13,0.5,415,Hard Regime FE,0.8966203282617609,
14,0.5,414,Spectral OR-DML,1.420156964844868,0.0
14,0.5,414,Hard Regime FE,1.1623028507802027,
15,0.5,384,Spectral OR-DML,1.5947496604480915,0.0
15,0.5,384,Hard Regime FE,1.4807004358099696,
16,0.5,416,Spectral OR-DML,1.4597946246934663,0.0
16,0.5,416,Hard Regime FE,1.274123604205609,
17,0.5,419,Spectral OR-DML,1.520491192794951,0.0
17,0.5,419,Hard Regime FE,1.0712816944069075,
18,0.5,390,Spectral OR-DML,1.2686058054617986,0.0
18,0.5,390,Hard Regime FE,1.0201380989097193,
19,0.5,388,Spectral OR-DML,1.589792441872357,0.0
19,0.5,388,Hard Regime FE,1.1788892867148109,
20,0.5,420,Spectral OR-DML,1.4685919827918892,0.0
20,0.5,420,Hard Regime FE,0.9467058589479187,
21,0.5,360,Spectral OR-DML,1.4671240892619468,0.0
21,0.5,360,Hard Regime FE,0.921423449864395,
22,0.5,408,Spectral OR-DML,1.4807265191760979,0.0
22,0.5,408,Hard Regime FE,1.270003205152034,
23,0.5,406,Spectral OR-DML,1.1588145585722436,0.0
23,0.5,406,Hard Regime FE,0.5627208484923476,
24,0.5,400,Spectral OR-DML,1.4872168665742946,0.0
24,0.5,400,Hard Regime FE,1.0299391346436026,
25,0.5,378,Spectral OR-DML,1.0027806685936387,0.0
25,0.5,378,Hard Regime FE,0.47544590747300797,
26,0.5,389,Spectral OR-DML,1.2518287763269322,0.0
26,0.5,389,Hard Regime FE,0.9531069645127386,
27,0.5,376,Spectral OR-DML,1.281622166508043,0.0
27,0.5,376,Hard Regime FE,0.9981169707510902,
28,0.5,389,Spectral OR-DML,1.2264225091901113,0.0
28,0.5,389,Hard Regime FE,0.9818222479522074,
29,0.5,403,Spectral OR-DML,1.19922917567835,0.0
29,0.5,403,Hard Regime FE,0.7468956994393179,
30,0.5,374,Spectral OR-DML,1.3466320774254839,0.0
30,0.5,374,Hard Regime FE,0.959128030538023,
31,0.5,397,Spectral OR-DML,1.3634366954099115,0.0
31,0.5,397,Hard Regime FE,1.0522055593724704,
32,0.5,395,Spectral OR-DML,1.3324899308874176,0.0
32,0.5,395,Hard Regime FE,0.7728701162929776,
33,0.5,386,Spectral OR-DML,1.6669772124780144,0.0
33,0.5,386,Hard Regime FE,1.2274887962834513,
34,0.5,416,Spectral OR-DML,1.2981311332223426,0.0
34,0.5,416,Hard Regime FE,0.8594339125947692,
35,0.5,392,Spectral OR-DML,1.6031833991625537,0.0
35,0.5,392,Hard Regime FE,1.0010635103897414,
36,0.5,418,Spectral OR-DML,0.8904946365437985,0.0
36,0.5,418,Hard Regime FE,0.5846574694376225,
37,0.5,378,Spectral OR-DML,1.667799377667814,0.0
37,0.5,378,Hard Regime FE,1.3913915620511608,
38,0.5,383,Spectral OR-DML,1.3178912230375182,0.0
38,0.5,383,Hard Regime FE,0.9694627614540643,
39,0.5,398,Spectral OR-DML,1.2632572802463953,0.0
39,0.5,398,Hard Regime FE,0.862083657208006,
0,0.7,225,Spectral OR-DML,1.0335543001508225,0.0
0,0.7,225,Hard Regime FE,0.7765977733820697,
1,0.7,229,Spectral OR-DML,0.7391336811108191,0.0
1,0.7,229,Hard Regime FE,0.3815480634320294,
2,0.7,248,Spectral OR-DML,1.1381500564033593,0.0
2,0.7,248,Hard Regime FE,0.8942019676917954,
3,0.7,232,Spectral OR-DML,1.114761607543099,0.0
3,0.7,232,Hard Regime FE,0.8064688549349928,
4,0.7,250,Spectral OR-DML,1.437106896866847,0.0
4,0.7,250,Hard Regime FE,0.8873459855095658,
5,0.7,237,Spectral OR-DML,0.9954972879619159,0.0
5,0.7,237,Hard Regime FE,0.5214013801750554,
6,0.7,238,Spectral OR-DML,1.21774193298329,0.0
6,0.7,238,Hard Regime FE,0.7576023214568575,
7,0.7,239,Spectral OR-DML,0.8827724070080589,0.0
7,0.7,239,Hard Regime FE,0.6880119078837481,
8,0.7,266,Spectral OR-DML,0.8943591653150951,0.0
8,0.7,266,Hard Regime FE,0.6506705322349271,
9,0.7,218,Spectral OR-DML,1.23773073419044,0.0
9,0.7,218,Hard Regime FE,0.9628741916806112,
10,0.7,250,Spectral OR-DML,1.0399168766608096,0.0
10,0.7,250,Hard Regime FE,0.5152941085273386,
11,0.7,235,Spectral OR-DML,1.048258473187139,0.0
11,0.7,235,Hard Regime FE,0.7962565154261334,
12,0.7,254,Spectral OR-DML,1.047532679083988,0.0
12,0.7,254,Hard Regime FE,0.7616967069024674,
13,0.7,248,Spectral OR-DML,1.0333531595272611,0.0
13,0.7,248,Hard Regime FE,0.7923585301749339,
14,0.7,222,Spectral OR-DML,1.2496700432380279,0.0
14,0.7,222,Hard Regime FE,0.8192735149792965,
15,0.7,244,Spectral OR-DML,0.8978063692255289,0.0
15,0.7,244,Hard Regime FE,0.6200292157008369,
16,0.7,274,Spectral OR-DML,0.6935205059846941,0.0
16,0.7,274,Hard Regime FE,0.2749546858018186,
17,0.7,218,Spectral OR-DML,1.0718862008018522,0.0
17,0.7,218,Hard Regime FE,0.6507227715842645,
18,0.7,247,Spectral OR-DML,1.337781088688128,0.0
18,0.7,247,Hard Regime FE,0.9144744071776305,
19,0.7,243,Spectral OR-DML,1.143305527093459,0.0
19,0.7,243,Hard Regime FE,0.8498551012896391,
20,0.7,249,Spectral OR-DML,1.1625785046129131,0.0
20,0.7,249,Hard Regime FE,0.5430785803873901,
21,0.7,247,Spectral OR-DML,1.1830702834622335,0.0
21,0.7,247,Hard Regime FE,0.7036599099276963,
22,0.7,236,Spectral OR-DML,0.9230636577508515,0.0
22,0.7,236,Hard Regime FE,0.5550761617555717,
23,0.7,269,Spectral OR-DML,0.7876526782318134,0.0
23,0.7,269,Hard Regime FE,0.3339451850085884,
24,0.7,234,Spectral OR-DML,1.0291120926874666,0.0
24,0.7,234,Hard Regime FE,0.5852495101718778,
25,0.7,221,Spectral OR-DML,1.0468216773578156,0.0
25,0.7,221,Hard Regime FE,0.786873910780892,
26,0.7,234,Spectral OR-DML,1.169504866119945,0.0
26,0.7,234,Hard Regime FE,0.7786786517015334,
27,0.7,260,Spectral OR-DML,1.2965773162839715,0.0
27,0.7,260,Hard Regime FE,0.8704362209485819,
28,0.7,261,Spectral OR-DML,1.1080787835797499,0.0
28,0.7,261,Hard Regime FE,0.7357651428939347,
29,0.7,246,Spectral OR-DML,0.9732125244921721,0.0
29,0.7,246,Hard Regime FE,0.6873615402711764,
30,0.7,257,Spectral OR-DML,0.9789064455638421,0.0
30,0.7,257,Hard Regime FE,0.8386813463603686,
31,0.7,248,Spectral OR-DML,0.9812791913008643,0.0
31,0.7,248,Hard Regime FE,0.5619470577052317,
32,0.7,264,Spectral OR-DML,0.6413367102663483,0.0
32,0.7,264,Hard Regime FE,0.25258553103528936,
33,0.7,254,Spectral OR-DML,1.2294614355906317,0.0
33,0.7,254,Hard Regime FE,0.7961932404216405,
34,0.7,234,Spectral OR-DML,0.8041125074358297,0.0
34,0.7,234,Hard Regime FE,0.3550295507481471,
35,0.7,234,Spectral OR-DML,1.0453352731164487,0.0
35,0.7,234,Hard Regime FE,0.6323094541045835,
36,0.7,223,Spectral OR-DML,0.8861304757378372,0.0
36,0.7,223,Hard Regime FE,0.5228852691370856,
37,0.7,258,Spectral OR-DML,0.9938460539128475,0.0
37,0.7,258,Hard Regime FE,0.8396945416724884,
38,0.7,264,Spectral OR-DML,1.4825882214145802,0.0
38,0.7,264,Hard Regime FE,0.9908382786461356,
39,0.7,272,Spectral OR-DML,0.9678645779742951,0.0
39,0.7,272,Hard Regime FE,0.5828074401541508,
0,0.88,92,Spectral OR-DML,0.3470727043473918,0.0
0,0.88,92,Hard Regime FE,0.2957337518773766,
1,0.88,118,Spectral OR-DML,0.22911838105027904,1.0
1,0.88,118,Hard Regime FE,0.13117354492069122,
2,0.88,86,Spectral OR-DML,0.41340512740705293,0.0
2,0.88,86,Hard Regime FE,0.3099709591571478,
3,0.88,99,Spectral OR-DML,0.5611921440941221,0.0
3,0.88,99,Hard Regime FE,0.4708312217145454,
4,0.88,127,Spectral OR-DML,0.5623359660406533,0.0
4,0.88,127,Hard Regime FE,0.30620258987329807,
5,0.88,81,Spectral OR-DML,0.3992971778911527,0.0
5,0.88,81,Hard Regime FE,0.25176831687926393,
6,0.88,94,Spectral OR-DML,0.7441177205810665,0.0
6,0.88,94,Hard Regime FE,0.4932532544907424,
7,0.88,82,Spectral OR-DML,0.3916507966750675,0.0
7,0.88,82,Hard Regime FE,0.416869277627236,
8,0.88,98,Spectral OR-DML,0.473459958761977,0.0
8,0.88,98,Hard Regime FE,0.3953654775270521,
9,0.88,82,Spectral OR-DML,0.7189407593964074,0.0
9,0.88,82,Hard Regime FE,0.5499541541528461,
10,0.88,93,Spectral OR-DML,0.6620222087353853,0.0
10,0.88,93,Hard Regime FE,0.4685491538277833,
11,0.88,87,Spectral OR-DML,0.7032122764433542,0.0
11,0.88,87,Hard Regime FE,0.6015801378269687,
12,0.88,96,Spectral OR-DML,0.6067060451819049,0.0
12,0.88,96,Hard Regime FE,0.5708671664184197,
13,0.88,106,Spectral OR-DML,0.4448175752700374,0.0
13,0.88,106,Hard Regime FE,0.20532314442244415,
14,0.88,88,Spectral OR-DML,0.29565762046265887,0.0
14,0.88,88,Hard Regime FE,0.08384467797647943,
15,0.88,90,Spectral OR-DML,0.1429857912354433,1.0
15,0.88,90,Hard Regime FE,-0.005293615492505843,
16,0.88,89,Spectral OR-DML,0.4779846271026904,0.0
16,0.88,89,Hard Regime FE,0.32701288459715316,
17,0.88,103,Spectral OR-DML,0.41585109174283863,0.0
17,0.88,103,Hard Regime FE,0.16805416931643657,
18,0.88,98,Spectral OR-DML,0.5407131081361887,0.0
18,0.88,98,Hard Regime FE,0.39469770164325846,
19,0.88,113,Spectral OR-DML,0.5272833522633591,0.0
19,0.88,113,Hard Regime FE,0.49683673093686576,
20,0.88,101,Spectral OR-DML,0.511704525027842,0.0
20,0.88,101,Hard Regime FE,0.3039554175786283,
21,0.88,96,Spectral OR-DML,0.5399722266111993,0.0
21,0.88,96,Hard Regime FE,0.32360472652468975,
22,0.88,96,Spectral OR-DML,0.486268450586941,0.0
22,0.88,96,Hard Regime FE,0.24619659386399828,
23,0.88,96,Spectral OR-DML,0.5489791286882548,0.0
23,0.88,96,Hard Regime FE,0.2950593404154822,
24,0.88,93,Spectral OR-DML,0.4438373696382407,0.0
24,0.88,93,Hard Regime FE,0.2577148376573848,
25,0.88,94,Spectral OR-DML,0.4978391486386098,0.0
25,0.88,94,Hard Regime FE,0.35068993212120203,
26,0.88,75,Spectral OR-DML,0.4684392693938588,0.0
26,0.88,75,Hard Regime FE,0.39823945461601573,
27,0.88,87,Spectral OR-DML,0.5969114125102428,0.0
27,0.88,87,Hard Regime FE,0.4725140285492899,
28,0.88,89,Spectral OR-DML,0.5995866479520946,0.0
28,0.88,89,Hard Regime FE,0.5066978410491707,
29,0.88,103,Spectral OR-DML,0.5444045900775079,0.0
29,0.88,103,Hard Regime FE,0.5032773094539333,
30,0.88,86,Spectral OR-DML,0.14283009803072222,1.0
30,0.88,86,Hard Regime FE,0.036612124803197865,
31,0.88,107,Spectral OR-DML,0.7356029775854416,0.0
31,0.88,107,Hard Regime FE,0.5169360518857689,
32,0.88,92,Spectral OR-DML,0.6615020203945914,0.0
32,0.88,92,Hard Regime FE,0.628010559284792,
33,0.88,94,Spectral OR-DML,0.336209817500948,0.0
33,0.88,94,Hard Regime FE,0.09281009918373329,
34,0.88,102,Spectral OR-DML,0.29074497929132015,0.0
34,0.88,102,Hard Regime FE,-0.07971224294013202,
35,0.88,99,Spectral OR-DML,0.5669079391141394,0.0
35,0.88,99,Hard Regime FE,0.40984610256091836,
36,0.88,100,Spectral OR-DML,0.33827904850469537,0.0
36,0.88,100,Hard Regime FE,0.2910808011533246,
37,0.88,111,Spectral OR-DML,0.5282862135413597,0.0
37,0.88,111,Hard Regime FE,0.5010886078216337,
38,0.88,94,Spectral OR-DML,0.3029270818220109,0.0
38,0.88,94,Hard Regime FE,0.27891958593429766,
39,0.88,103,Spectral OR-DML,0.32189535437985084,1.0
39,0.88,103,Hard Regime FE,0.28287957023868016,
