rep_id,th1_or,se1_or,reject_or,th1_hard,se1_hard,reject_hard
0,0.3496781420753441,0.13997456238557843,1.0,0.33333479403647187,0.19483626114504765,0.0
1,0.26434533548455985,0.12129585066074305,1.0,0.1310137525076363,0.15185908708745502,0.0
2,0.22549318130446117,0.08729625097092612,1.0,0.07259369661316491,0.06310515784983872,0.0
3,0.5590790420155123,0.21400815662608605,1.0,0.28986641241534455,0.22139423668627847,0.0
4,0.25012001324928546,0.10788236082499245,1.0,0.1025848075869066,0.09075125301677843,0.0
5,0.7588819279489638,0.215831327345404,1.0,0.6403976558797527,0.23217565099017912,1.0
6,0.3031739826770475,0.133926899390329,1.0,0.2598884866722503,0.15205754048685985,0.0
7,0.12380931840827912,0.11919054341034604,0.0,0.012588703906796502,0.114101624121245,0.0
8,0.11411805201524833,0.0799047577566573,0.0,0.028326032512472184,0.08523301991036063,0.0
9,0.688477436559923,0.18904192867874864,1.0,0.481249176064074,0.18643478707622815,1.0
10,0.18345697255805996,0.08704427659447203,1.0,-0.03156080100030509,0.04834648968007998,0.0
11,0.1628100468500638,0.08219975752229608,1.0,0.03744315824219356,0.051262137774875025,0.0
12,0.4443799445534182,0.16551819895912823,1.0,0.46562841739310556,0.19502652835050296,1.0
13,0.48441200680249374,0.1624011085902098,1.0,0.5056214629595447,0.19268342058159182,1.0
14,0.767924048225704,0.2329329654700605,1.0,0.6239356528860032,0.2449475865025608,1.0
15,0.47181389329150525,0.14747649425207016,1.0,0.3109183340742308,0.15326573412747269,1.0
16,0.5066634129308439,0.16412327799222742,1.0,0.3553699143356086,0.1668558752630478,1.0
17,0.3855470644367956,0.1356959792710415,1.0,0.28728172700255394,0.1427548228422162,1.0
18,0.23531194565357183,0.12195899906979542,0.0,0.15402252107894482,0.12499287350911835,0.0
19,0.691154950687865,0.17217156461893116,1.0,0.4480139726514105,0.18421063885293198,1.0
20,0.3095301078542766,0.12416454376786455,1.0,0.22225002902855898,0.13043144305906387,0.0
21,0.13061707172955542,0.07226098007657979,0.0,0.049134248877453005,0.08193822150331191,0.0
22,0.2326957446722017,0.10575377050515547,1.0,0.08585737588802836,0.10846474767858336,0.0
23,0.4732090785595283,0.13552102963714946,1.0,0.44573693103613526,0.16662439998048872,1.0
24,0.3699509246162941,0.14345160329280857,1.0,0.31008328993474665,0.21419730276263022,0.0
25,0.704785856463352,0.20686889412245224,1.0,0.6321232630526836,0.22287545027592573,1.0
26,0.5825680065653797,0.203463496688672,1.0,0.6484914435882702,0.24063698562466337,1.0
27,0.3175061734777833,0.12723350717054918,1.0,0.2441647667015797,0.1456747347488727,0.0
28,0.4252282214437875,0.14525906724707027,1.0,0.21840342860856862,0.10996541318228119,1.0
29,0.27157281514983456,0.07699938406152654,1.0,0.11262215816280324,0.04438448917386732,1.0
30,0.22001328339523019,0.08218387241779018,1.0,0.045954705592957446,0.04934831850290297,0.0
31,0.3862937445165302,0.20325840009180665,0.0,0.26365910336813164,0.2005714402399987,0.0
32,0.2783329503759992,0.08049023613916703,1.0,0.08786887122034366,0.0733686225427935,0.0
33,0.269642796288005,0.13594164618266086,1.0,0.09576544264072534,0.11848143621326973,0.0
34,0.23832529524927173,0.08576349725664072,1.0,0.2088009998858492,0.09003294683859614,1.0
35,0.3381814949507455,0.12077347236701143,1.0,0.14363837446240713,0.11013960779167703,0.0
36,0.24262244965035384,0.10417714558817415,1.0,0.16434513969233017,0.12769966859573043,0.0
37,0.3718281395060065,0.15383616845144354,1.0,0.32630615102764926,0.1690963836541877,0.0
38,0.2637011275774334,0.10667882773479569,1.0,0.126339121035168,0.08626589064440014,0.0
39,0.0484416216085723,0.039341878028502385,0.0,0.014450958603152285,0.03383211156363361,0.0
40,0.26127058408220355,0.1416085160054397,0.0,0.16431038466384587,0.14606998085215725,0.0
41,0.33981258056264685,0.15204726316723746,1.0,0.3956870216947521,0.20019926210649994,1.0
42,0.031114354684749955,0.07903603694702876,0.0,-0.06199865566604935,0.07258064551787345,0.0
43,0.27639935269139126,0.10761282063913924,1.0,0.23699358941563362,0.1448572842561044,0.0
44,0.3212491609147494,0.12250175040048798,1.0,0.2565144075587061,0.12648166133799285,1.0
45,0.27379352124736983,0.12640405780729314,1.0,0.2778305000559159,0.14670171249396854,0.0
46,0.2950289532283533,0.16923500394013596,0.0,0.2349577434304291,0.1546970198549834,0.0
47,0.2325903636950735,0.0942095263476124,1.0,0.14711495924627435,0.09810624334520493,0.0
48,0.40212387106489733,0.16002290802565217,1.0,0.3943965352782744,0.19365969938281458,1.0
49,0.553037322056098,0.18377496237868154,1.0,0.5094259901114553,0.21637413479493664,1.0
50,0.3457489343952797,0.14747439767438783,1.0,0.35732569941866577,0.16789414718403067,1.0
51,0.31668843473830716,0.14196241135385881,1.0,0.31086332715527915,0.16808827958277162,0.0
52,0.44992287212784215,0.1540096333855122,1.0,0.2827312166734614,0.14412912393694227,1.0
53,0.6249640314153142,0.1918413973711469,1.0,0.36983040104627574,0.19105966852405135,0.0
54,0.19501104359530563,0.09745852650876702,1.0,0.1662864466002869,0.1400922349620686,0.0
55,0.2412214245884913,0.15185313560772404,0.0,0.2282399397005513,0.18315053097323758,0.0
56,0.330948345769621,0.12308470468584012,1.0,0.318523411908914,0.15157244335702535,1.0
57,0.3286898842385486,0.13567322991654931,1.0,0.1529686976407947,0.16210487323417114,0.0
58,0.437703627120919,0.18093603666114175,1.0,0.5120232226266392,0.23017519731105068,1.0
59,0.32108012119635193,0.12546281578654034,1.0,0.22826429080471794,0.14421763127771783,0.0
60,0.23137539637948115,0.12070694085497623,0.0,0.1923811483487139,0.16083419041383837,0.0
61,0.44189170458948795,0.15861514799582488,1.0,0.3627691811535373,0.17709727920130863,1.0
62,0.421836869475609,0.18927751472442655,1.0,0.2783777536876824,0.19038791534063307,0.0
63,0.4702066894459211,0.1518517025276398,1.0,0.4767527579087895,0.1861652889692607,1.0
64,0.3432047032895388,0.12379175676673289,1.0,0.23972104377779732,0.13465515366986983,0.0
65,0.5837996120150228,0.23445005265280716,1.0,0.3610305522066661,0.23606922486929022,0.0
66,0.4424840740191213,0.17671420764383858,1.0,0.4182043696996265,0.20192765420802827,1.0
67,0.23494845653090762,0.14929769133737156,0.0,0.2902277782593447,0.21681086166794528,0.0
68,0.2618458332816161,0.14737862048344305,0.0,0.17455202916675092,0.16982076807744875,0.0
69,0.36991885039902694,0.14585715837832647,1.0,0.21029203330346827,0.13632044718842196,0.0
70,0.3615515998818876,0.14452835000387151,1.0,0.3399034781859267,0.17310687755635892,1.0
71,0.30699415052286866,0.09637957202747549,1.0,0.18871327351116057,0.1034151875095168,0.0
72,0.32665544776739025,0.14692490998469654,1.0,0.2633491077121842,0.15379149658707192,0.0
73,0.5283440513077801,0.19959294441098266,1.0,0.42957061766113935,0.20066742702356236,1.0
74,0.2050992314379819,0.0906346096252309,1.0,0.13420201812642743,0.09753958715769905,0.0
75,0.4168476359846909,0.1650089134090753,1.0,0.31633946533189417,0.16590672863763156,0.0
76,0.2291564797360811,0.12223811131895773,0.0,0.2398132256199072,0.17049909037699074,0.0
77,0.3405397890675967,0.1276442623132221,1.0,0.22555707075975215,0.12782516366638252,0.0
78,0.32659132197681306,0.10229738917935931,1.0,0.2009245002007939,0.10118528389631154,1.0
79,0.20138264160325733,0.07787841923863695,1.0,0.10422197947914888,0.09127926445754755,0.0
80,0.18389781944491498,0.10912161220319887,0.0,0.14564523625673423,0.13684059888255304,0.0
81,0.19891018113635162,0.10462968081087655,0.0,0.03016343049266276,0.09210065563539184,0.0
82,0.8069523990601185,0.2505515476545145,1.0,0.6001498043563736,0.28160274000674423,1.0
83,0.32052168408134224,0.18197610947974566,0.0,0.0887988718519428,0.15412716550109853,0.0
84,0.34958789020367104,0.16337204247198717,1.0,0.22737289865511584,0.16011095438413944,0.0
85,0.10467597587866011,0.06992306962979916,0.0,0.07426726958257243,0.09423266737028316,0.0
86,0.2916726442566933,0.13595334906117998,1.0,0.28478755566739006,0.20664685767718963,0.0
87,0.36100545999132655,0.12309677735398457,1.0,0.18915675550146188,0.12017231728044565,0.0
88,0.4089496303389079,0.1564103613364485,1.0,0.20764996519302184,0.198789082685425,0.0
89,0.20986667078541718,0.10820979507924118,0.0,0.14330823577021382,0.1143390583070315,0.0
90,0.5014541389359884,0.19502023341073285,1.0,0.47411407646667975,0.24995877182531795,0.0
91,0.29558142984655345,0.09747005339902724,1.0,0.032094984775380656,0.0394193095829398,0.0
92,0.21441233786021152,0.09121336906676858,1.0,0.16088127158774415,0.09462817866547435,0.0
93,0.32468350860398576,0.09710278561659093,1.0,0.15833038347045547,0.09556669189317257,0.0
94,0.23562810133016152,0.07983742873447389,1.0,0.21125066940677162,0.11855464661458866,0.0
95,0.09883562569119318,0.08712890538924811,0.0,-0.05004214398847181,0.05144852249047768,0.0
96,0.48741946935034297,0.17347897310029087,1.0,0.3310643254649525,0.1680310873731568,1.0
97,0.355424459882577,0.16463184530822383,1.0,0.28107842753243717,0.2030772192559869,0.0
98,0.1906096974669573,0.09942730826465793,0.0,0.04212408616462758,0.07451753736712331,0.0
99,0.1872928272548521,0.11285822486397659,0.0,0.0579045736783692,0.1266001383480549,0.0
