Lambda,Theta_Overall,SE_Overall,CI_Lower,CI_Upper,Lambda_Min,Kappa
0.0,-0.557,1.1071,-2.7269,1.613,0.004949,1.28
0.0001,-0.5485,1.0878,-2.6807,1.5836,0.004949,1.28
0.0005,-0.5172,1.017,-2.5105,1.476,0.004949,1.28
0.001,-0.4828,0.9406,-2.3263,1.3607,0.004949,1.28
0.0024,-0.4068,0.7776,-1.9309,1.1173,0.004949,1.28
0.005,-0.3147,0.589,-1.4691,0.8398,0.004949,1.28
0.01,-0.2191,0.4022,-1.0074,0.5691,0.004949,1.28
0.02,-0.1363,0.2463,-0.6191,0.3464,0.004949,1.28
0.05,-0.0639,0.114,-0.2872,0.1595,0.004949,1.28
0.1,-0.0339,0.0601,-0.1517,0.084,0.004949,1.28
0.2,-0.0175,0.0309,-0.0781,0.0432,0.004949,1.28
0.5,-0.0071,0.0126,-0.0318,0.0175,0.004949,1.28
1.0,-0.0036,0.0063,-0.016,0.0088,0.004949,1.28
