city,method,Mean_Abs_Bias,RMSE,Coverage_Pct,Mean_Lambda_Min,Mean_Lambda_Param
Bengaluru,Adaptive Spectral OR-DML,4.306808292331625,4.307444827912035,0.0,0.5023090908229345,4.469534883430863e-06
Bengaluru,Block DML,5.69429903443461,5.694495700569655,0.0,2.701179519892444,0.0
Bengaluru,DML + Z Controls (GBM),1.9429320822882616,1.9439082148984752,0.0,1.4706268618955831,0.0
Bengaluru,Oracle DML,0.017241734101647126,0.020937276027556444,96.66666666666667,0.4720217031723236,0.0
Bengaluru,Regime FE DML (Hard),0.016731265384153888,0.020162297224215572,,0.5023090908229345,0.0
Bengaluru,Spectral OR-DML (Fixed),3.9043232230849507,3.904887663864161,0.0,0.5023090908229345,0.05
Bengaluru,Standard DML,5.619788755779473,5.619986245100337,0.0,2.6266731148378586,0.0
Delhi,Adaptive Spectral OR-DML,4.187428637575475,4.18830162428712,0.0,0.46899946829843414,4.469534883430863e-06
Delhi,Block DML,6.542449447468799,6.5425915026919,0.0,3.6598735895067858,0.0
Delhi,DML + Z Controls (GBM),2.6102511893209064,2.6113959081351736,0.0,1.6178998185812137,0.0
Delhi,Oracle DML,0.015669370916580435,0.019903293880484424,90.0,0.39687882447066053,0.0
Delhi,Regime FE DML (Hard),0.015327898888411328,0.01933553021593065,,0.46899946829843414,0.0
Delhi,Spectral OR-DML (Fixed),3.7963262992622484,3.7970685850359676,0.0,0.46899946829843414,0.05
Delhi,Standard DML,6.013292474948455,6.0134556512367014,0.0,2.9506368872879762,0.0
Kolkata,Adaptive Spectral OR-DML,4.007891580756182,4.0092463099848015,0.0,0.48538789638416335,4.469534883430863e-06
Kolkata,Block DML,5.956217953590867,5.956920558554937,0.0,2.911013493666454,0.0
Kolkata,DML + Z Controls (GBM),2.0385255843530445,2.0418715232334748,0.0,1.7789741030614594,0.0
Kolkata,Oracle DML,0.030382948059194413,0.04182975892924281,83.33333333333334,0.3932068680413864,0.0
Kolkata,Regime FE DML (Hard),0.02874034048322594,0.038606441426673424,,0.48538789638416335,0.0
Kolkata,Spectral OR-DML (Fixed),3.63789892902009,3.639053135382776,0.0,0.48538789638416335,0.05
Kolkata,Standard DML,5.748376450508165,5.74903829094338,0.0,2.687743174468807,0.0
Mumbai,Adaptive Spectral OR-DML,5.285589369427557,5.286418124288671,0.0,0.4839976077650127,4.469534883430863e-06
Mumbai,Block DML,6.467551168151796,6.467774242493136,0.0,3.569860635729377,0.0
Mumbai,DML + Z Controls (GBM),3.1975024771717755,3.1981314680245267,0.0,1.8467577622360056,0.0
Mumbai,Oracle DML,0.016228314254415118,0.020118267037018626,83.33333333333334,0.3988977254862709,0.0
Mumbai,Regime FE DML (Hard),0.015818194138818974,0.01994173264251795,,0.4839976077650127,0.0
Mumbai,Spectral OR-DML (Fixed),4.878076152550496,4.87878296632764,0.0,0.4839976077650127,0.05
Mumbai,Standard DML,5.984642037166546,5.984837635469267,0.0,2.9196408479951916,0.0
