Domain,Lead_Horizon_h,Spearman_rho_Difficulty_D,Spearman_rho_Entropy_H,Failure_ROC_AUC_D,Failure_ROC_AUC_H,AUC_Advantage,Failure_PR_AUC_D,Failure_PR_AUC_H,DCE_D
Atmospheric (Delhi),1,-0.1265,-0.1252,0.3827,0.3293,0.0533,0.0845,0.0711,0.4232
Atmospheric (Delhi),3,-0.1161,-0.1039,0.4303,0.4148,0.0155,0.1012,0.0829,0.3663
Atmospheric (Delhi),6,-0.0841,-0.062,0.4114,0.4075,0.0039,0.0858,0.0843,0.4441
Atmospheric (Delhi),12,-0.1242,-0.1339,0.3535,0.3252,0.0284,0.0767,0.0701,0.4574
Atmospheric (Delhi),24,-0.1496,-0.1447,0.3441,0.3498,-0.0057,0.0736,0.0727,0.481
Atmospheric (Mumbai),1,0.0519,0.1978,0.5309,0.4855,0.0454,0.1078,0.0917,0.1962
Atmospheric (Mumbai),3,0.0458,0.1949,0.5418,0.502,0.0398,0.1113,0.0972,0.1997
Atmospheric (Mumbai),6,0.0175,0.1666,0.564,0.5267,0.0373,0.1176,0.1032,0.1869
Atmospheric (Mumbai),12,0.0358,0.1776,0.5366,0.5029,0.0337,0.1088,0.097,0.1896
Atmospheric (Mumbai),24,0.0418,0.1614,0.555,0.5303,0.0247,0.115,0.1048,0.1798
Atmospheric (Bengaluru),1,-0.1445,0.2712,0.4249,0.6737,-0.2488,0.0788,0.15,0.4273
Atmospheric (Bengaluru),3,-0.154,0.256,0.4159,0.6613,-0.2454,0.0777,0.149,0.4556
Atmospheric (Bengaluru),6,-0.1504,0.2565,0.4089,0.6504,-0.2414,0.0768,0.1438,0.4832
Atmospheric (Bengaluru),12,-0.1506,0.265,0.4271,0.6773,-0.2502,0.0794,0.1552,0.4151
Atmospheric (Bengaluru),24,-0.1547,0.2578,0.4237,0.6744,-0.2507,0.0788,0.1506,0.5104
Atmospheric (Kolkata),1,-0.0698,0.0751,0.4582,0.5465,-0.0883,0.0875,0.1349,0.3071
Atmospheric (Kolkata),3,-0.0649,0.0796,0.4434,0.5352,-0.0918,0.0844,0.1309,0.3071
Atmospheric (Kolkata),6,-0.055,0.0874,0.4022,0.4727,-0.0705,0.078,0.103,0.3052
Atmospheric (Kolkata),12,-0.0616,0.0883,0.4487,0.5213,-0.0725,0.0849,0.1035,0.3004
Atmospheric (Kolkata),24,-0.0175,0.1174,0.5581,0.6235,-0.0654,0.1086,0.1395,0.2856
Synthetic Benchmark (Delta_Z=0.5),1,0.0228,0.0652,0.5345,0.5504,-0.0159,0.1194,0.1164,0.3019
Synthetic Benchmark (Delta_Z=0.5),2,-0.0023,0.0352,0.5124,0.5107,0.0018,0.1162,0.1015,0.34
Synthetic Benchmark (Delta_Z=0.5),4,-0.0394,-0.0564,0.4942,0.4681,0.0261,0.1046,0.0902,0.2958
Synthetic Benchmark (Delta_Z=0.5),8,-0.0283,-0.0148,0.4825,0.4631,0.0194,0.0998,0.0896,0.3255
Synthetic Benchmark (Delta_Z=2.0),1,0.0311,0.0365,0.5382,0.5249,0.0133,0.1103,0.101,0.2917
Synthetic Benchmark (Delta_Z=2.0),2,0.0127,0.0218,0.553,0.5477,0.0053,0.1175,0.1105,0.2704
Synthetic Benchmark (Delta_Z=2.0),4,-0.0242,-0.0109,0.4917,0.5004,-0.0087,0.107,0.1056,0.3063
Synthetic Benchmark (Delta_Z=2.0),8,0.0186,0.0308,0.4974,0.491,0.0064,0.1001,0.0951,0.391
Macro Finance (FRED S&P 500 & VIX),1,-0.2779,-0.092,0.2549,0.3011,-0.0462,0.0633,0.0734,0.4996
Macro Finance (FRED S&P 500 & VIX),3,-0.2583,-0.0963,0.272,0.2968,-0.0247,0.0653,0.0773,0.5011
Macro Finance (FRED S&P 500 & VIX),5,-0.2376,-0.0789,0.2933,0.313,-0.0197,0.0723,0.0763,0.4954
Macro Finance (FRED S&P 500 & VIX),10,-0.1979,-0.089,0.3482,0.3634,-0.0152,0.0791,0.08,0.4736
Macro Finance (FRED S&P 500 & VIX),20,-0.1691,-0.1176,0.3927,0.3794,0.0133,0.0844,0.0811,0.3616
