Lambda,Abs_Bias,Mean_Bias,Variance,MSE,RMSE,Coverage_95_Pct,Mean_Lambda_Min,Mean_Kappa
0.0,0.8732,0.8732,0.0742,0.8313,0.9117,1.0,0.033,38.56
0.0001,0.8694,0.8694,0.074,0.8245,0.908,1.0,0.033,38.56
0.001,0.8366,0.8366,0.0725,0.7671,0.8759,1.0,0.033,38.56
0.005,0.7162,0.7162,0.0673,0.5754,0.7586,2.0,0.033,38.56
0.01,0.6054,0.6054,0.0621,0.4246,0.6516,3.0,0.033,38.56
0.02,0.4571,0.4561,0.0543,0.2593,0.5093,12.0,0.033,38.56
0.05,0.2392,0.2315,0.0409,0.0935,0.3058,43.0,0.033,38.56
0.1,0.1123,0.0674,0.0312,0.0362,0.1902,85.0,0.033,38.56
0.2,0.1383,-0.0898,0.0227,0.0321,0.1793,56.0,0.033,38.56
0.5,0.3225,-0.3084,0.0125,0.1093,0.3306,4.0,0.033,38.56
