World_ID,Architecture,F1,ECE,NLL,Reliability_AUC_D,Reliability_AUC_H
1,HMM,0.9206845238095238,0.0329176759711827,0.2032817118342379,0.6448566610455312,0.6661045531197303
1,GRU,0.8399471214662604,0.10849732070843257,0.5919424891471863,0.5668259723137772,0.5633651944627555
1,Transformer,0.8739832192445769,0.12313824050896045,0.9088136553764343,0.49553223388305845,0.5178710644677661
1,SSM,0.8674255771630399,0.0233815769642228,0.3189692795276642,0.6361909695243029,0.6164637831304498
2,HMM,0.9082725892463948,0.02187892107986792,0.20928305168883052,0.6049446974625894,0.6315875081327261
2,GRU,0.8116354556803995,0.16023080541593274,0.897214412689209,0.44778789850357836,0.4494144437215355
2,Transformer,0.7982169784744892,0.1991161924657436,1.337206482887268,0.46492172211350297,0.3873776908023483
2,SSM,0.8316598728536126,0.07311287930148191,0.39721769094467163,0.5294528196538246,0.5522054718034618
3,HMM,0.8978106722367887,0.06839927071504741,0.24877316346960893,0.6342847799682332,0.6452162944968699
3,GRU,0.8410194375859612,0.13358432104256443,0.6753906011581421,0.5619218910585817,0.5535831075399421
3,Transformer,0.8289856991525424,0.16999858858232286,1.3616725206375122,0.573715651135006,0.5813620071684588
3,SSM,0.8625669675428905,0.058586775321452844,0.3486672341823578,0.538138138138138,0.542942942942943
4,HMM,0.9308943089430894,0.024603791812450624,0.16039100924063174,0.5907220351664796,0.6363903586125809
4,GRU,0.847558456581013,0.11114720851078824,0.5928970575332642,0.49682198327359617,0.5054002389486261
4,Transformer,0.8647500958526546,0.12855633600004257,0.8507303595542908,0.455648062493576,0.5015160859286669
4,SSM,0.8708377130560698,0.041065367243472276,0.3124193549156189,0.4945758661887694,0.5116129032258064
5,HMM,0.9364513504088038,0.02829547989935527,0.1496090730216762,0.6366565439597067,0.6459891859862232
5,GRU,0.8827614379084967,0.09152887770584293,0.45450493693351746,0.48227886056971514,0.4805397301349325
5,Transformer,0.8758335721587969,0.11815280837274952,0.8276517391204834,0.4648914895192949,0.40334049329679283
5,SSM,0.8835106774413388,0.03836100829416902,0.2713823914527893,0.5676784976082206,0.5631902202799267
6,HMM,0.9062216421157312,0.042049338944360415,0.2368582664698394,0.6202159374748207,0.5859318346627992
6,GRU,0.8353223140495867,0.1259091389034231,0.6985300183296204,0.4714769156393521,0.47800338409475457
6,Transformer,0.8468720821661998,0.14519695675580732,1.0455137491226196,0.5141345427059714,0.49145880574452
6,SSM,0.8526238592758242,0.020599118662937517,0.3254246711730957,0.5249811035525321,0.5144368858654572
7,HMM,0.8794510335266604,0.08512355720498296,0.26976361700487655,0.5518293875953825,0.5494815104676188
7,GRU,0.8536198347107438,0.11213334214616175,0.6883040070533752,0.5478877696324034,0.5506302410210432
7,Transformer,0.8698993504883732,0.12644804862237488,0.9483897089958191,0.5417947558770343,0.5347875226039783
7,SSM,0.8616766169977013,0.028002976621614717,0.3195754587650299,0.553488962192337,0.55962953565085
8,HMM,0.9170680522370134,0.027117420136638162,0.1914501475469653,0.5840434419381787,0.5974101921470342
8,GRU,0.8575666161792039,0.10895305978346281,0.5750337839126587,0.5783321783321783,0.581889581889582
8,Transformer,0.8872683188981791,0.10919045659368459,0.7850361466407776,0.502979902979903,0.5225225225225225
8,SSM,0.8694484403451205,0.03062039988524303,0.2962941825389862,0.5741292442497262,0.579671412924425
9,HMM,0.9127636280127962,0.04591998982649801,0.23163198116152148,0.5620895708194578,0.5778687249074103
9,GRU,0.8381168770536631,0.11631581179865795,0.691295325756073,0.6211826638351329,0.6131516764873031
9,Transformer,0.8487404437061997,0.13838179729628325,1.0511618852615356,0.5014541224371092,0.4554493238330668
9,SSM,0.8579280412780744,0.03203803800307668,0.31715819239616394,0.6130135944770536,0.6029013716127855
10,HMM,0.9204644820502377,0.0213091805945891,0.19123054143456186,0.5759759050375007,0.5871670702179176
10,GRU,0.8620031974868875,0.09862351830413649,0.5241286158561707,0.5003672108920401,0.5017513134851139
10,Transformer,0.8264957666244113,0.15892889161903706,1.1286531686782837,0.4375679652018166,0.43759994882620096
10,SSM,0.8820305015163188,0.024407273652486322,0.2888142168521881,0.4777074138041323,0.4819932194716305
11,HMM,0.9098146551185432,0.042507328317078645,0.2184546154325481,0.6706278470984354,0.6789958407605466
11,GRU,0.7783818286550528,0.1892408839610549,0.8945956230163574,0.5724189155731617,0.5788561525129983
11,Transformer,0.8283820708098366,0.1523251669210234,0.8159602284431458,0.5365853658536586,0.5278799249530957
11,SSM,0.8458299568256643,0.05527292461251856,0.3338731825351715,0.5768496834070604,0.6046057767369242
12,HMM,0.9061292630574767,0.03137546898713955,0.2187949728928883,0.6112781954887218,0.6470064049011417
12,GRU,0.790315119826614,0.1850746573276469,0.9687491059303284,0.5873961923055194,0.5946274221795379
12,Transformer,0.8368193898160944,0.15496248321260359,1.0263104438781738,0.5278240499739719,0.5318063508589277
12,SSM,0.8236474986081286,0.1000626560402807,0.4324035942554474,0.5719891619172195,0.57899654302532
13,HMM,0.9176151761517615,0.03569667833314406,0.19936857536370983,0.5825703073904513,0.5823600859572082
13,GRU,0.8557491289198607,0.10869374969497143,0.5593576431274414,0.5400125803746156,0.5408512720156556
13,Transformer,0.8516892126628148,0.1380730974742323,0.9064059853553772,0.5400049439683585,0.48372610415293343
13,SSM,0.8668182840310468,0.04668847509996768,0.2918800711631775,0.5784580498866213,0.5809523809523809
14,HMM,0.9155314328557691,0.04355002417599696,0.22684187545580425,0.5577086040336705,0.5617761708378058
14,GRU,0.8768184693232132,0.0692409873481961,0.40526995062828064,0.47034065871984637,0.47022767075306476
14,Transformer,0.8294834248877953,0.15442243588478322,0.9753353595733643,0.5191884240327147,0.5691726958162945
14,SSM,0.8863889857093064,0.03586478399612554,0.2732781171798706,0.5621998757132366,0.5559572905485565
15,HMM,0.9103899329414686,0.06212760024546309,0.23456923796686585,0.603766592547672,0.6006670709520922
15,GRU,0.8412903225806452,0.11996400481415531,0.6352253556251526,0.48502909440144626,0.48895542624710475
15,Transformer,0.8163779110558353,0.17579138097393504,1.3271878957748413,0.4377971154620901,0.41096607847876887
15,SSM,0.8649155722326454,0.030490971304763977,0.2957569658756256,0.5249837345478204,0.5286597267404034
