city,month,hour,mean,std,min,max,count
Bengaluru,1,0,34.789040698308696,9.852235747709802,29.043612824852577,58.7,62
Bengaluru,1,1,34.89275807485278,10.067033884846149,28.908464258269472,58.5,62
Bengaluru,1,2,35.49300441979588,10.665047326087796,29.063015278423816,58.6,62
Bengaluru,1,3,35.88010466405177,11.368155364430372,29.04031124785924,64.02499999999999,62
Bengaluru,1,4,36.18986665583581,12.200743594960503,29.00581739447541,70.44999999999999,62
Bengaluru,1,5,35.9222920025845,11.95840809608779,28.86295655991265,70.32499999999999,62
Bengaluru,1,6,35.638801749533606,11.761550245315489,28.74318029695316,70.2,62
Bengaluru,1,7,35.16430281283155,11.265140089487472,28.53105106776356,70.00337837837839,62
Bengaluru,1,8,34.46281167582859,10.527121967682383,28.32278811920423,69.80675675675676,62
Bengaluru,1,9,34.23435668709336,10.665899943068926,25.78863109093912,69.61013513513514,62
Bengaluru,1,10,35.05255588890206,11.260463697047797,28.25128563143627,74.9,62
Bengaluru,1,11,36.41520492817797,15.830752907152402,22.39814393327297,114.2,62
Bengaluru,1,12,38.09502586517002,20.964343744870707,22.256819747470896,153.5,62
Bengaluru,1,13,37.66345277621848,17.104003276046956,28.646803405297742,120.1,62
Bengaluru,1,14,36.81058444117216,14.0439429838047,28.811979730173125,86.69999999999999,62
Bengaluru,1,15,36.070320566515505,12.640994393805103,28.25760720107148,75.35,62
Bengaluru,1,16,35.08230777313828,10.88566005982517,28.564271365218985,72.4,62
Bengaluru,1,17,34.68579290531913,10.172847704303022,24.93045705046756,65.75,62
Bengaluru,1,18,34.39698038169473,9.508668592694738,24.94861148061888,59.1,62
Bengaluru,1,19,34.50925259730613,9.387071836922134,28.844045107128256,58.95,62
Bengaluru,1,20,34.48582274078379,9.444202266048539,28.68022629638421,58.8,62
Bengaluru,1,21,34.51527109958561,9.439728431769716,28.63903601752724,56.45,62
Bengaluru,1,22,34.53328162327899,9.512976646536766,28.74267018351817,55.75,62
Bengaluru,1,23,34.5446845245339,9.521979406154454,28.78426084220049,56.675,62
Bengaluru,2,0,35.430931942767046,10.188383259196709,16.450000000000003,55.95,56
Bengaluru,2,1,36.292850394381944,10.736987563418008,20.25,57.95,56
Bengaluru,2,2,37.73646985031063,11.662174664047525,23.25,62.45,56
Bengaluru,2,3,37.91895645369249,11.690302589695,23.05,60.75,56
Bengaluru,2,4,38.07029439375365,11.898038595235938,22.05,62.5,56
Bengaluru,2,5,37.780203969254735,12.052966247417089,21.45,62.575,56
Bengaluru,2,6,38.04614776680803,12.650030120007326,15.45,64.5,56
Bengaluru,2,7,37.76001387853118,12.69336197013757,16.775,64.025,56
Bengaluru,2,8,37.3398722245577,12.371655464509889,18.1,64.25,56
Bengaluru,2,9,37.30747375995055,13.417513937964317,17.55,77.475,56
Bengaluru,2,10,37.53218371824238,15.06759503386719,15.85,91.4,56
Bengaluru,2,11,39.07061632689007,16.263475840097083,15.4,95.375,56
Bengaluru,2,12,40.21748815459194,18.125831609520308,14.95,110.85,56
Bengaluru,2,13,39.47725964618173,15.555221916332297,17.6,91.425,56
Bengaluru,2,14,38.89774579884329,13.595217932206635,20.25,72.0,56
Bengaluru,2,15,39.16853416463213,13.138347890364383,23.45,68.15,56
Bengaluru,2,16,40.05445001720354,13.07863277518383,25.75,65.0,56
Bengaluru,2,17,39.37268441918839,12.951450206210767,21.85,62.725,56
Bengaluru,2,18,38.808543569773306,12.978984674090603,14.65,61.75,56
Bengaluru,2,19,38.58565421747768,12.737128127978936,17.675,67.95,56
Bengaluru,2,20,37.63255802366787,12.594713954686968,20.0,80.7,56
Bengaluru,2,21,36.80407789338591,11.833623142748717,20.35,70.6,56
Bengaluru,2,22,35.925054170419244,10.891125520731515,20.0,60.5,56
Bengaluru,2,23,35.43926858949393,10.554174723369677,18.5,58.225,56
Bengaluru,3,0,27.260221713475858,6.961289188089055,14.75,65.15,62
Bengaluru,3,1,27.608209384889133,6.0170256015683465,14.675,56.975,62
Bengaluru,3,2,27.9331873616973,5.641034552549277,14.6,48.8,62
Bengaluru,3,3,27.59862979778284,4.852021983552285,14.65,40.225,62
Bengaluru,3,4,27.281852424310458,4.9290035634386955,14.7,39.25,62
Bengaluru,3,5,27.089737711731846,4.8430468104369275,15.325,36.45,62
Bengaluru,3,6,26.931897244231845,5.793039236107375,13.9,40.0,62
Bengaluru,3,7,27.42686926769859,5.633223244571261,14.969791666666666,45.325,62
Bengaluru,3,8,27.978990549470087,7.199692678783944,15.439583333333331,62.5,62
Bengaluru,3,9,26.869267440534077,5.228783856669922,15.909375,48.8,62
Bengaluru,3,10,25.98187266886521,4.801555138074856,14.95,35.8,62
Bengaluru,3,11,25.866391348728147,4.824442118139838,14.9,41.325,62
Bengaluru,3,12,25.736783622835446,5.983132994418563,14.65,52.3,62
Bengaluru,3,13,27.074195802810525,5.077349243035576,16.700000000000003,46.25,62
Bengaluru,3,14,28.520574550124053,5.701589486684283,17.15,43.3,62
Bengaluru,3,15,29.780491329840867,6.198351907530828,17.075000000000003,54.225,62
Bengaluru,3,16,31.01361777568946,7.658247523000804,16.85,65.15,62
Bengaluru,3,17,30.812532096646002,8.437353160821843,16.55,78.45,62
Bengaluru,3,18,30.65390183574503,9.830472246281163,16.25,91.75,62
Bengaluru,3,19,30.21498901730065,10.227010290847335,15.775,88.3,62
Bengaluru,3,20,29.547483562721386,12.075240667198795,13.9,87.2,62
Bengaluru,3,21,29.211546538715645,10.367868678261063,15.3,76.175,62
Bengaluru,3,22,28.862941609289866,9.027300955474551,15.5,67.5,62
Bengaluru,3,23,28.221009457590835,7.471209034430881,15.125,66.325,62
Bengaluru,4,0,24.587584712024217,4.108176376421285,17.1,42.35,60
Bengaluru,4,1,24.762267018093823,3.4088344616440747,17.799999999999997,37.525000000000006,60
Bengaluru,4,2,24.930756714214137,3.217146117339636,18.2,32.7,60
Bengaluru,4,3,25.77097666893924,2.580843540496685,17.924999999999997,32.725,60
Bengaluru,4,4,26.343060041307144,3.2452120465930947,17.65,34.1,60
Bengaluru,4,5,27.006310946373638,3.486472913237158,18.200000000000003,35.95,60
Bengaluru,4,6,27.697247113124103,5.361481534116914,14.3,40.65,60
Bengaluru,4,7,26.642923172431278,3.9645553589037057,14.725,36.7,60
Bengaluru,4,8,25.808472311111867,4.908739586045326,13.7,40.1,60
Bengaluru,4,9,25.28179857924643,3.920699245899589,17.1,39.95705128205128,60
Bengaluru,4,10,24.652771405340673,3.937704990294953,17.05,39.81410256410256,60
Bengaluru,4,11,24.750211958805384,3.484386761611224,16.75,39.67115384615385,60
Bengaluru,4,12,24.741900822126745,3.4539006262539655,16.45,33.95,60
Bengaluru,4,13,25.412056398394647,3.1608110070680593,18.3,32.08333333333333,60
Bengaluru,4,14,25.995290118552077,3.789793958641763,14.1,32.1,60
Bengaluru,4,15,26.37201963546098,3.7509075224581565,15.275,34.0,60
Bengaluru,4,16,26.69500287967251,4.313178027768452,15.2,35.9,60
Bengaluru,4,17,25.904230288977182,4.012869703518466,15.35,33.35,60
Bengaluru,4,18,24.609272929460698,4.268306173345234,14.75,32.2,60
Bengaluru,4,19,24.538909760226353,3.873124262684526,15.85,32.5,60
Bengaluru,4,20,24.392409954647352,3.9913917191494996,16.95,34.3,60
Bengaluru,4,21,24.12570296012575,3.603048847074367,16.5,33.416666666666664,60
Bengaluru,4,22,23.74184536923025,3.781712859261896,16.0,32.53333333333333,60
Bengaluru,4,23,23.949075549898836,3.5733566099579903,17.075,31.65,60
Bengaluru,5,0,20.969203764920508,5.216999353575515,13.9,30.57417310383785,62
Bengaluru,5,1,21.285159968198702,5.109831736771932,13.775,28.365135352800348,62
Bengaluru,5,2,21.386170832560765,5.3266839927483165,13.65,34.75,62
Bengaluru,5,3,21.677227780363566,5.293321067842001,13.625,32.15,62
Bengaluru,5,4,20.830730860159814,5.694508677638239,13.55,37.6,62
Bengaluru,5,5,22.385673768037318,6.458096407784288,13.725,48.375,62
Bengaluru,5,6,23.616911725972656,9.483752978879998,13.45,78.65,62
Bengaluru,5,7,22.29808378389423,6.339839725458043,13.725,49.7,62
Bengaluru,5,8,20.89156653069917,4.791171674625416,14.0,30.3,62
Bengaluru,5,9,20.025070746119777,4.260001810660745,13.8875,28.06,62
Bengaluru,5,10,19.371221714584298,4.183373282897225,13.6,29.2,62
Bengaluru,5,11,19.46361074896502,4.698710047646331,13.6625,29.984525143572025,62
Bengaluru,5,12,19.151305439777246,4.633163852014209,13.55,29.73208789579085,62
Bengaluru,5,13,20.220274847072393,5.039043992800829,13.725,30.723872620623684,62
Bengaluru,5,14,21.07501494544655,5.41389562206747,13.75,34.05,62
Bengaluru,5,15,21.180852608247488,4.976840302365249,13.875,29.95185635054048,62
Bengaluru,5,16,21.87314608432363,5.146561104664025,14.0,29.94262360398353,62
Bengaluru,5,17,22.024098626651803,5.326624027832001,14.091666666666669,31.361206401661686,62
Bengaluru,5,18,21.815080101611446,5.3122347177639755,14.0,30.711556516483167,62
Bengaluru,5,19,21.43358022509723,5.137333755226684,13.9,30.251915279337258,62
Bengaluru,5,20,21.376181613213376,5.170674648482469,13.8,29.88891013612142,62
Bengaluru,5,21,21.62644276704393,5.354119254028798,14.0,32.300000000000004,62
Bengaluru,5,22,21.433165802378014,6.2254722954746216,14.0,48.7,62
Bengaluru,5,23,21.26823380429042,5.521442663595523,14.075,37.75,62
Bengaluru,6,0,21.032559958151722,5.319841704294528,14.7,30.351791842344905,61
Bengaluru,6,1,20.863902407445693,5.193065644444494,14.6,28.03036083025535,61
Bengaluru,6,2,20.86916828264651,5.276386969137129,14.4,27.852782934941576,61
Bengaluru,6,3,21.121265704007353,5.179701329579503,14.325,28.91108045718934,61
Bengaluru,6,4,21.184508884642046,5.06905972805695,14.25,28.79126180646376,61
Bengaluru,6,5,21.300678922342264,4.764602304025864,14.5,27.68150628257009,61
Bengaluru,6,6,21.705899759013004,4.668376948055565,14.6,27.63106907800445,61
Bengaluru,6,7,21.90218296609095,5.523752913448674,14.675,41.3,61
Bengaluru,6,8,21.863243382411046,6.825784113641948,14.6,57.7,61
Bengaluru,6,9,21.497708684302832,5.700315626734459,15.025,44.925,61
Bengaluru,6,10,20.949177463399263,5.029740882460208,14.85,32.15,61
Bengaluru,6,11,21.242114257189176,4.6907525587700425,14.875,27.437761590924,61
Bengaluru,6,12,21.40371570357102,5.235316290790173,14.45,38.1,61
Bengaluru,6,13,21.65956065999232,4.92460387258962,14.575,34.8,61
Bengaluru,6,14,21.90249567852196,4.799476070045455,14.7,31.5,61
Bengaluru,6,15,22.048665937576946,4.650131994768968,14.75,28.73480035387784,61
Bengaluru,6,16,22.140758485086188,4.663655407683127,14.8,27.89513318677479,61
Bengaluru,6,17,22.120119949580175,4.546465827174928,14.825,28.175680946339224,61
Bengaluru,6,18,22.190009919001046,4.675353756897398,14.85,28.85,61
Bengaluru,6,19,21.897103130626746,4.794435303997729,14.95,30.0295592466342,61
Bengaluru,6,20,21.65410040216764,5.032278015525137,14.85,30.34443972647882,61
Bengaluru,6,21,21.466120399042726,4.99829814844506,14.875,29.768732526849515,61
Bengaluru,6,22,21.44740173566319,5.096487738283891,14.9,29.905513329994218,61
Bengaluru,6,23,21.35018614798307,5.215064566668417,14.875,30.3220599080671,61
Bengaluru,7,0,25.083253586665542,4.437805490138804,16.5,28.251081723624264,62
Bengaluru,7,1,25.19257799707112,4.301031170667104,16.425,28.301403141402165,62
Bengaluru,7,2,25.370302936223524,4.092670209093141,16.35,28.18502248592777,62
Bengaluru,7,3,25.33372345320143,4.053117303060748,16.6,29.88599710061049,62
Bengaluru,7,4,25.046682149943784,4.107792349445704,16.8,29.82286967068585,62
Bengaluru,7,5,25.102678017297773,3.945999825620502,16.700000000000003,29.61357126241712,62
Bengaluru,7,6,25.147370110670707,3.951502172751892,16.6,29.51344618466592,62
Bengaluru,7,7,24.990671419422963,3.6877321501845546,16.475,27.549693962095883,62
Bengaluru,7,8,24.653215052773334,4.033752310980125,16.3,29.35,62
Bengaluru,7,9,24.470133387742756,4.099410996709989,16.4,27.38729671836781,62
Bengaluru,7,10,24.23924212215832,4.302690713791912,16.5,27.43620684501132,62
Bengaluru,7,11,24.33726289223634,4.266551528894934,16.5,27.452971727687395,62
Bengaluru,7,12,24.488827995816106,4.300240658675307,16.35,27.5823436170591,62
Bengaluru,7,13,24.573304901812197,4.395323558127957,16.60064102564103,27.7693822800948,62
Bengaluru,7,14,24.891525404491077,4.302709565022628,16.9,27.98850117237779,62
Bengaluru,7,15,25.201670058700408,4.2538228501565145,17.0,30.68649792941553,62
Bengaluru,7,16,25.501155086358008,4.028143210374604,17.1,30.68718037623804,62
Bengaluru,7,17,25.41290178361051,4.015040922161781,17.575,30.37672042976253,62
Bengaluru,7,18,25.48171322828562,4.030442172247758,17.5,30.41413049473724,62
Bengaluru,7,19,25.462817394572433,4.055704369823106,17.325,30.00844550356103,62
Bengaluru,7,20,25.365544209941376,4.107615282932177,17.049999999999997,28.34380215722778,62
Bengaluru,7,21,25.31915368000666,4.231425688755826,16.9,29.15408689092656,62
Bengaluru,7,22,25.255038962153872,4.364768696115012,16.75,29.398193821570413,62
Bengaluru,7,23,25.234728953951056,4.324762129304465,16.9,28.20762528426208,62
Bengaluru,8,0,25.57603113133039,5.001611965655991,13.65,29.52983647716591,62
Bengaluru,8,1,25.79031080322937,4.585430873166554,13.575,28.85649495697877,62
Bengaluru,8,2,25.72752239422642,4.736611675715617,13.5,31.65,62
Bengaluru,8,3,25.60551917338405,4.538046346609079,13.7,28.800014487750257,62
Bengaluru,8,4,25.03787211081757,5.288521667698696,13.5,34.05,62
Bengaluru,8,5,25.865509973247228,4.472394617693193,14.125,31.775,62
Bengaluru,8,6,26.248321023413915,5.543131652256195,14.25,43.6,62
Bengaluru,8,7,25.609358965227305,4.712067737248102,14.4,36.0,62
Bengaluru,8,8,24.516110740771236,4.782129971572465,14.2,28.4,62
Bengaluru,8,9,24.25428793468955,4.860082570234853,14.35,28.375,62
Bengaluru,8,10,24.07601350949088,5.164293304160454,14.2,28.5230376306321,62
Bengaluru,8,11,24.003923795787177,5.449820389974654,14.1,29.575000000000003,62
Bengaluru,8,12,24.197899199603025,5.620489687780262,13.8,30.8,62
Bengaluru,8,13,24.436303212362944,5.740763914699529,13.8175,30.653158443915896,62
Bengaluru,8,14,24.679869979038223,5.672038245989535,13.75,30.63482922824763,62
Bengaluru,8,15,24.814489391389706,5.54838504338789,13.8525,31.10634426516248,62
Bengaluru,8,16,25.097542182706903,5.249588488218265,14.0,31.204292334078986,62
Bengaluru,8,17,25.091640217772344,5.266490528200066,14.054166666666667,30.707456676059305,62
Bengaluru,8,18,25.038913419980137,5.295243264836473,14.058333333333334,30.67777743607221,62
Bengaluru,8,19,24.96216588942602,5.292235507730415,14.0625,28.38778850490686,62
Bengaluru,8,20,25.147394567443698,5.112632090993046,14.45,28.958441702701705,62
Bengaluru,8,21,25.347504791694202,5.149870500951346,14.2,30.82092099005011,62
Bengaluru,8,22,25.52794910897987,5.099573361638444,13.9,31.42530902676118,62
Bengaluru,8,23,25.449198340515675,5.117192368269712,13.775,29.73530076244894,62
Bengaluru,9,0,23.119070592586237,6.192691470214011,13.75,30.500782628079275,60
Bengaluru,9,1,23.251548324522965,5.949343782715713,13.6,28.702216982764693,60
Bengaluru,9,2,23.37669108982993,5.867373868067523,13.15,28.61682878120474,60
Bengaluru,9,3,23.441166058707108,5.670939573641281,13.375,29.225,60
Bengaluru,9,4,23.337636617027094,5.582850030878185,13.6,30.8,60
Bengaluru,9,5,23.253323066450175,5.295444685612249,14.4125,28.42248519248892,60
Bengaluru,9,6,23.176527775793506,5.238209382257563,14.325,28.32470635793859,60
Bengaluru,9,7,23.10890765558799,5.520963363826384,14.2375,33.625,60
Bengaluru,9,8,23.101361922458338,6.048294251037006,13.75,41.75,60
Bengaluru,9,9,22.92954976296612,5.72937263215825,14.25,31.675,60
Bengaluru,9,10,22.694379467937804,5.818140497553801,13.55,28.174711882281425,60
Bengaluru,9,11,22.706112656828484,5.9710315954400786,10.32,28.200990575907635,60
Bengaluru,9,12,22.857589548478888,6.14585444083045,7.09,28.284796213270827,60
Bengaluru,9,13,23.56031177688337,5.706656621729848,13.9,30.1670382065095,60
Bengaluru,9,14,24.0721822326016,5.380180108580681,13.8,30.065771490245123,60
Bengaluru,9,15,24.102302196438043,5.160746462322303,13.95,28.626016606637467,60
Bengaluru,9,16,24.224799326123502,4.995753562676913,14.15,28.692264406759666,60
Bengaluru,9,17,24.17274369498368,5.220371956734706,14.45,30.649636814324943,60
Bengaluru,9,18,23.74868878634773,5.567301893535509,13.7,28.594566264709496,60
Bengaluru,9,19,23.58587694587522,5.644967714275221,14.0,28.68495666975236,60
Bengaluru,9,20,23.422561504138223,5.832943891179294,14.3,28.709055482949264,60
Bengaluru,9,21,23.31400426213406,5.90010566368149,14.575,28.577891891398973,60
Bengaluru,9,22,23.39874128575614,5.924454753002695,14.1,28.58410504715777,60
Bengaluru,9,23,23.43247286779208,6.061281303076433,14.325,31.32909399325423,60
Bengaluru,10,0,26.5945188616275,5.8871134361667075,13.7,51.5,62
Bengaluru,10,1,26.545834135208437,5.080646980339169,14.675,42.525,62
Bengaluru,10,2,26.343151665203873,4.322556427089142,15.65,34.4,62
Bengaluru,10,3,26.286552277478187,4.049643981160017,15.875000000000002,34.349999999999994,62
Bengaluru,10,4,26.310749252040655,3.9209887521383093,14.8,34.3,62
Bengaluru,10,5,26.54668722710506,3.6979584661652236,15.425,34.125,62
Bengaluru,10,6,26.722095145860994,4.041091334685383,14.3,34.4,62
Bengaluru,10,7,26.217761655081304,3.918076616143882,14.275,30.3,62
Bengaluru,10,8,26.04604202451315,4.3272989394691255,14.25,35.85,62
Bengaluru,10,9,26.021568582344404,4.252539114584746,15.875,34.85,62
Bengaluru,10,10,25.833141849914156,4.301240444974324,14.1,33.85,62
Bengaluru,10,11,25.82979768781441,4.531830612863506,14.2,33.85,62
Bengaluru,10,12,25.912343612524833,4.95106719865475,14.3,37.05,62
Bengaluru,10,13,26.601439529203212,6.4197529107970315,15.15,52.525,62
Bengaluru,10,14,27.157026379149006,8.76620047867923,14.65,68.0,62
Bengaluru,10,15,28.271917070719162,9.980174905853747,15.2,73.4,62
Bengaluru,10,16,29.21349110371909,14.105710761681403,15.55,115.0,62
Bengaluru,10,17,28.52361468110016,10.780385226931825,15.675,90.725,62
Bengaluru,10,18,27.85941689037169,7.707612256260667,15.35,66.45,62
Bengaluru,10,19,27.41945522766297,6.511671859262036,15.15,54.65,62
Bengaluru,10,20,27.023897047971204,5.879739146069695,14.95,54.25,62
Bengaluru,10,21,26.88095567454135,5.79088538211754,15.075,53.8,62
Bengaluru,10,22,26.663614323827172,5.957710636774636,15.2,53.35,62
Bengaluru,10,23,26.55634543365554,5.924950267464865,14.45,52.425,62
Bengaluru,11,0,30.769122921411242,7.276025897864703,17.0,61.45,60
Bengaluru,11,1,30.78914926079729,7.216507377869192,18.85,60.900000000000006,60
Bengaluru,11,2,30.77919103080695,7.261806207402514,20.7,61.75,60
Bengaluru,11,3,31.265321417660004,8.252541386638821,19.475,69.0,60
Bengaluru,11,4,31.400607559282378,9.280880108396039,17.85,76.25,60
Bengaluru,11,5,31.00492303050835,8.596536678430015,17.275,69.85,60
Bengaluru,11,6,30.61780937248045,8.133654946593044,16.3,69.15,60
Bengaluru,11,7,30.065431907171867,7.5368876468841925,16.450000000000003,67.075,60
Bengaluru,11,8,29.304845805699358,7.6207502921148,16.6,65.0,60
Bengaluru,11,9,29.537678214149448,7.625332252571719,16.75,65.75,60
Bengaluru,11,10,29.74432024179726,7.925914208251306,16.9,66.5,60
Bengaluru,11,11,30.727393387404277,9.70695138060982,17.675,75.125,60
Bengaluru,11,12,31.31507269801309,13.032536910363943,15.5,107.55,60
Bengaluru,11,13,31.39699998431754,11.789658729422568,16.0,82.375,60
Bengaluru,11,14,31.622188046980913,11.763628418297806,16.5,88.15,60
Bengaluru,11,15,31.993103449182716,10.585875898432883,17.337500000000002,84.875,60
Bengaluru,11,16,32.42512438665968,9.624046497367337,19.77857142857143,81.6,60
Bengaluru,11,17,32.06520462184536,8.846684941336438,19.617857142857144,75.225,60
Bengaluru,11,18,31.721693477537407,8.198805175431538,19.15,68.85,60
Bengaluru,11,19,31.264732137442287,7.477368219076346,19.425,64.425,60
Bengaluru,11,20,30.81213808051364,7.036272558420005,19.2,60.0,60
Bengaluru,11,21,31.015299155741445,7.23437236252565,21.1875,62.475,60
Bengaluru,11,22,31.2887398882325,7.637154320861344,20.1,64.95,60
Bengaluru,11,23,31.073968884139283,7.324897636121002,18.55,61.85,60
Bengaluru,12,0,40.36777291030176,13.283418358806324,27.652262957067425,63.55,62
Bengaluru,12,1,40.670483026891745,13.626377273924795,27.41950359323153,62.55,62
Bengaluru,12,2,41.04014638408543,14.021345263950865,27.36918446669709,65.3,62
Bengaluru,12,3,41.60906223684456,14.747170245780053,27.35677607771566,71.475,62
Bengaluru,12,4,42.82459786008345,15.69599605712973,27.27152108946522,83.95,62
Bengaluru,12,5,42.36486780049384,15.18639341347269,27.21689763239449,77.7,62
Bengaluru,12,6,41.582325138738604,14.691424452600726,27.12730272709884,71.45,62
Bengaluru,12,7,40.87038274729378,14.457480991730261,25.7628274328966,74.5,62
Bengaluru,12,8,39.886003734337585,14.290443463858178,26.065361822705487,91.65,62
Bengaluru,12,9,38.81538778443305,12.705297426870153,23.274042710358994,79.825,62
Bengaluru,12,10,38.35815841264569,11.480732659109567,23.100445498800827,68.0,62
Bengaluru,12,11,38.66299599096712,11.421562856475697,27.08733655159329,62.125,62
Bengaluru,12,12,40.41870844036531,14.025414119936064,27.1599841904557,84.85,62
Bengaluru,12,13,40.90019654002702,13.693446377844099,27.86680084458808,79.175,62
Bengaluru,12,14,41.00546318361303,13.69938703934909,27.24237348255544,73.5,62
Bengaluru,12,15,40.81804313269061,13.510618761209123,24.061869240240394,68.025,62
Bengaluru,12,16,40.7726996285283,13.335950568321058,23.580947137898303,62.55,62
Bengaluru,12,17,40.895354372938,13.15841589037947,27.130627854751832,62.3,62
Bengaluru,12,18,40.70398402011456,13.188477240812324,27.109740943042315,64.95,62
Bengaluru,12,19,40.708560280496656,13.299337261290015,26.95286594843059,62.175,62
Bengaluru,12,20,40.79178555391505,13.437429934650261,26.70924000650736,64.25,62
Bengaluru,12,21,40.735007461578775,13.307587690645574,27.20349589991316,62.55,62
Bengaluru,12,22,40.645511414339154,13.267447248136198,27.05706830392003,62.75,62
Bengaluru,12,23,40.742530679162485,13.243229142573494,28.164631131105377,62.2,62
Delhi,1,0,117.06136357527826,40.92444571993605,33.75,256.0,62
Delhi,1,1,119.39090177505544,41.63815886918344,45.2,254.5,62
Delhi,1,2,121.67754823082453,44.239753500879495,56.65,283.5,62
Delhi,1,3,122.44194160113143,43.44203039414034,61.575,283.5,62
Delhi,1,4,123.20534467066021,43.45027175917286,66.5,298.0,62
Delhi,1,5,120.3221399346319,36.25010351928534,63.75,228.5,62
Delhi,1,6,117.3067977324464,32.90851806642254,61.0,239.0,62
Delhi,1,7,115.0151809656663,30.82966542465381,64.125,217.75,62
Delhi,1,8,112.66951778824628,31.04322182828778,65.8,227.0,62
Delhi,1,9,112.87417713005132,31.926713527339867,55.5,236.0,62
Delhi,1,10,113.05784528372746,33.604668138383225,43.75,245.0,62
Delhi,1,11,115.47160432100308,35.447335517315665,49.575,253.25,62
Delhi,1,12,117.98034197879524,38.5214870511318,55.4,296.0,62
Delhi,1,13,126.87017993692255,46.5836996960667,68.9,306.75,62
Delhi,1,14,140.80656031754228,71.28931938712984,82.4,421.0,62
Delhi,1,15,146.86720849009907,81.38728263368607,82.45,461.75,62
Delhi,1,16,152.92593400860383,93.84076439321859,82.5,502.5,62
Delhi,1,17,146.96545153185676,85.03810069034202,69.5,409.0,62
Delhi,1,18,141.34931019682062,78.62237651093069,56.5,398.5,62
Delhi,1,19,134.62177428351964,66.3481946360376,54.375,342.5,62
Delhi,1,20,127.69171619633369,55.32701660471984,52.25,293.0,62
Delhi,1,21,123.00422649057671,49.131734126536216,56.275,310.5,62
Delhi,1,22,118.32547388372585,44.91290491348193,60.3,345.0,62
Delhi,1,23,116.98115637313825,41.27135772969301,61.425,300.5,62
Delhi,2,0,105.16790839258978,30.95640103059679,40.4,252.0,56
Delhi,2,1,114.1105710570661,33.50372075011248,44.7,261.5,56
Delhi,2,2,127.83972548651886,47.50380308218921,49.0,319.5,56
Delhi,2,3,122.87707756489642,41.6600031169462,57.5,312.25,56
Delhi,2,4,117.95422160639681,38.22102381879726,58.25,305.0,56
Delhi,2,5,105.5596606632691,28.59088223910986,57.375,236.0,56
Delhi,2,6,92.9830770866075,27.65991885480757,33.4,167.0,56
Delhi,2,7,88.65704999121097,27.621770209741218,33.525,161.72321428571428,56
Delhi,2,8,82.0313199905326,29.40982250187092,29.9,148.5,56
Delhi,2,9,79.01585779716127,28.152127108377346,31.525,148.0,56
Delhi,2,10,77.03855082957632,29.570359922082346,30.3,157.72222222222223,56
Delhi,2,11,78.61164487099781,29.515352513247667,32.224999999999994,167.83333333333334,56
Delhi,2,12,79.51441686138995,28.756200436839354,27.9,168.0,56
Delhi,2,13,91.03192488168183,22.696888977504255,36.225,172.5,56
Delhi,2,14,103.43190533958901,26.0864502822604,44.55,177.0,56
Delhi,2,15,119.9019226108882,36.17836241743891,50.975,221.5,56
Delhi,2,16,139.28314238987628,55.6147419118897,54.65,283.5,56
Delhi,2,17,135.46973277513354,49.172485065803315,57.825,246.0,56
Delhi,2,18,131.67281122043795,45.11734284022831,56.0,246.0,56
Delhi,2,19,128.1805829246936,42.952169417199904,52.075,261.5,56
Delhi,2,20,124.06326275317824,42.420474798982845,48.15,314.5,56
Delhi,2,21,114.44423951345357,33.12079901489626,53.325,244.25,56
Delhi,2,22,105.67043821179371,26.698969963355562,46.9,175.0,56
Delhi,2,23,104.49120704523469,27.486107947064315,43.65,198.5,56
Delhi,3,0,99.2899911566838,32.140731881257764,19.525,224.5,62
Delhi,3,1,106.949941761656,32.523092338972305,30.1625,215.0,62
Delhi,3,2,113.5793429846382,37.64741823389686,40.8,239.0,62
Delhi,3,3,107.08849720135775,32.72496911270019,40.225,224.5,62
Delhi,3,4,98.22217540433583,31.93224860048503,23.7,210.0,62
Delhi,3,5,87.56782303684342,26.31816847715326,22.8,176.89979166666666,62
Delhi,3,6,77.11799446788059,25.619285983218564,21.9,176.79958333333337,62
Delhi,3,7,71.07031485957786,25.69399215367364,22.725,176.699375,62
Delhi,3,8,64.1904848002555,24.75593505754532,19.8,124.16147631148804,62
Delhi,3,9,60.25294008327013,24.138887560451092,20.05,105.14105731759666,62
Delhi,3,10,57.7050419237664,26.017384092426465,15.65,104.01245309448538,62
Delhi,3,11,58.765663303440796,27.600485636003317,14.85,115.75,62
Delhi,3,12,60.24729093609361,29.675399906167335,12.4,125.20109929087594,62
Delhi,3,13,72.02986275024367,30.029145472081115,20.975,129.62104282053625,62
Delhi,3,14,83.59954230597745,34.255396797806625,26.85,165.0,62
Delhi,3,15,96.20904813179173,37.06346146439222,29.075,181.5,62
Delhi,3,16,107.87103385244082,45.04584603921628,28.55,198.0,62
Delhi,3,17,103.83812160412336,38.664635867780675,30.4,174.0,62
Delhi,3,18,101.75582568808457,35.81010523789186,29.0,164.5,62
Delhi,3,19,100.07544035915443,32.018610468830715,30.45,169.0,62
Delhi,3,20,98.41576109548029,30.235879995331054,31.9,191.0,62
Delhi,3,21,97.50895526020764,29.6364593449722,29.875,186.75,62
Delhi,3,22,95.58156790162494,30.83482601285128,22.0,210.0,62
Delhi,3,23,97.62459337701654,29.87508890655319,20.7625,217.25,62
Delhi,4,0,102.5198459368478,29.777929335615976,33.8,218.92586055974925,60
Delhi,4,1,110.63879697133375,30.370212437262904,36.325,240.85445306587684,60
Delhi,4,2,118.5424180587268,37.315783196784686,38.85,266.73909177698914,60
Delhi,4,3,112.19954794868428,33.131387022666225,38.425,242.93272855639705,60
Delhi,4,4,104.09301542215226,33.216682754732645,38.0,228.5,60
Delhi,4,5,93.08289948949864,24.952372170142812,38.5,174.3762899602232,60
Delhi,4,6,83.6531107234703,20.659909544395106,39.0,158.0,60
Delhi,4,7,79.19963184426665,19.177910401873167,38.2,139.3125,60
Delhi,4,8,75.19890132415006,20.336819471444603,33.0,127.72641100408649,60
Delhi,4,9,73.88435755231966,20.765217148836367,26.875,119.59408878033425,60
Delhi,4,10,71.33860460467393,22.00285009178431,20.25,115.22405001868702,60
Delhi,4,11,73.55415912339792,22.631237453844772,26.8,123.58041742421968,60
Delhi,4,12,78.43837290168561,37.61329764856036,27.0,305.7823466988355,60
Delhi,4,13,88.86952822247169,28.068938191042765,41.7,228.62057119501628,60
Delhi,4,14,96.14421866847547,24.670584032238544,46.83125,143.36468634600826,60
Delhi,4,15,105.74153252304485,29.828791014239698,41.45,181.2353320422513,60
Delhi,4,16,114.36484404038734,38.11868275954064,35.4,237.0,60
Delhi,4,17,108.41156106652032,32.42462077612917,34.7,234.75,60
Delhi,4,18,103.24446420838343,30.723941590573368,34.0,232.5,60
Delhi,4,19,99.8483213265858,25.684428528920893,35.95,172.75,60
Delhi,4,20,96.38417384451738,24.506803703208785,32.0,187.0,60
Delhi,4,21,93.9935034038962,23.54710005631588,30.25,172.5,60
Delhi,4,22,91.50149035592612,23.101790443291954,28.5,158.0,60
Delhi,4,23,97.26398714151053,24.623048327296093,33.224999999999994,166.4712567959022,60
Delhi,5,0,79.39799358041748,60.90924740477336,12.025,452.0,62
Delhi,5,1,82.23643198810869,63.270783694702466,13.4625,472.75,62
Delhi,5,2,85.22564265687818,66.94112056466408,14.9,493.5,62
Delhi,5,3,78.83009221289765,51.79598055874408,19.525,385.25,62
Delhi,5,4,70.51569375646447,38.37389786759688,17.75,277.0,62
Delhi,5,5,65.22880584566894,28.687986920378847,21.0,187.5,62
Delhi,5,6,59.15489818631496,23.35522112887346,22.4,140.0,62
Delhi,5,7,56.58661451254233,20.536161767994432,21.825,119.2,62
Delhi,5,8,54.583100635522534,20.550172305198874,19.4,98.4,62
Delhi,5,9,53.57947393898832,19.672993960268155,23.525,96.5959796100615,62
Delhi,5,10,52.332445907038775,19.957559909898272,19.5,95.28652909869297,62
Delhi,5,11,53.374445330950806,22.815514071285776,17.375,114.9594705281776,62
Delhi,5,12,51.15657130941001,24.25557254397337,15.25,153.5,62
Delhi,5,13,56.70918437875065,21.16700702942468,20.475,115.10677275881802,62
Delhi,5,14,61.80548510063004,20.908682966480672,17.15,116.5,62
Delhi,5,15,66.56508382881785,21.787157183459264,16.15,111.75,62
Delhi,5,16,71.86354581190143,26.2456820162017,15.15,127.0,62
Delhi,5,17,73.40832941441002,33.3381314020017,15.575,242.25,62
Delhi,5,18,73.0620429929373,46.65616463982187,16.0,367.5,62
Delhi,5,19,74.26040963324742,54.19993814105426,14.525,435.75,62
Delhi,5,20,74.08441591266825,62.43756099456412,11.4,504.0,62
Delhi,5,21,74.7895419280289,62.487562237219336,10.725,509.75,62
Delhi,5,22,76.34213644216678,63.40592322810751,6.46,515.5,62
Delhi,5,23,77.4603685255375,61.1465791623453,9.2425,483.75,62
Delhi,6,0,63.411062006751024,30.319073300300005,8.375,107.45695927499416,61
Delhi,6,1,66.04325462175089,32.10352451135596,12.3125,160.375,61
Delhi,6,2,69.63023921350751,37.32402315090515,16.25,225.5,61
Delhi,6,3,68.56640932669106,31.406247276664168,17.55,164.75,61
Delhi,6,4,64.46246071600952,29.42224406290453,5.67,116.00766554894928,61
Delhi,6,5,64.47068234279996,28.806743578387014,14.735,112.67448505892324,61
Delhi,6,6,62.276159535868416,28.876485571298833,14.75,121.5,61
Delhi,6,7,63.475480569057225,28.866317830006192,13.575,115.21203496535284,61
Delhi,6,8,60.30933699983486,28.886610821851754,12.4,101.81212538090682,61
Delhi,6,9,59.68803467503583,28.062511517251075,13.7,101.08333792351544,61
Delhi,6,10,59.24163553374884,29.181145269739112,14.75,100.51406279902136,61
Delhi,6,11,57.960883540267396,29.23567998423871,14.0325,100.16095577100424,61
Delhi,6,12,56.882039383625674,30.33818500521341,6.5,100.53663531993575,61
Delhi,6,13,58.48930436265165,29.26324679978355,16.5,101.30090466990166,61
Delhi,6,14,60.25018548060922,30.150174176642146,8.0,108.0,61
Delhi,6,15,64.87998584182573,31.066385946184447,9.825,122.75,61
Delhi,6,16,69.55525876255408,34.24080083857275,11.65,137.5,61
Delhi,6,17,69.14470057249875,33.049680501911766,13.075,150.2,61
Delhi,6,18,68.88453146336145,34.12103900139743,14.5,196.5,61
Delhi,6,19,68.70085704483759,33.87818940478419,14.0175,188.5,61
Delhi,6,20,67.87339434050442,33.78720289478377,7.375,180.5,61
Delhi,6,21,67.57748921471546,31.17631691690071,9.6375,147.75,61
Delhi,6,22,66.30090526390008,29.792137125531227,11.9,115.49838988690392,61
Delhi,6,23,65.89493511256495,29.663153287099515,12.1875,104.64780217734317,61
Delhi,7,0,66.27949638961,36.34201275935798,4.75,101.5386017568509,62
Delhi,7,1,74.66736432605086,42.737409932655595,13.375,290.70000000000005,62
Delhi,7,2,83.57573631325283,62.72986583685978,13.75,502.0,62
Delhi,7,3,94.85572422965475,89.55731381696944,14.125,643.75,62
Delhi,7,4,106.3320594028938,125.15011255533756,14.4,785.5,62
Delhi,7,5,92.22585286357902,69.11491922314751,15.35,431.25,62
Delhi,7,6,77.19626361767726,48.88891601085101,16.0,366.0,62
Delhi,7,7,72.59769831336227,35.48884531232537,15.125,196.325,62
Delhi,7,8,67.64020079552363,34.571961741868996,9.625,102.38114482798372,62
Delhi,7,9,68.90604035432474,33.12462792571736,14.5125,102.89688223873284,62
Delhi,7,10,69.11671451116248,33.257498774778576,12.35,102.79439832056964,62
Delhi,7,11,68.21191395844633,32.67729361342908,18.45,102.35887939980626,62
Delhi,7,12,67.36597672214903,33.6750010100345,1.0,100.83431855792216,62
Delhi,7,13,67.77399201178676,33.041400132377646,11.0,101.363692161268,62
Delhi,7,14,67.91097996931431,32.58351259131575,17.0,101.24240949247312,62
Delhi,7,15,68.94229156086011,33.014736131416946,15.575,120.625,62
Delhi,7,16,70.26197362289203,34.768124421326206,5.65,159.5,62
Delhi,7,17,75.48994874242011,37.386705517272745,17.575,188.25,62
Delhi,7,18,80.01687888098674,45.419577069172185,14.0,296.5,62
Delhi,7,19,87.01275079403307,66.70462209878035,19.5,530.0,62
Delhi,7,20,92.30613131451416,93.63174637243108,19.9,763.5,62
Delhi,7,21,81.37093775186,53.07645209694716,23.7,415.5,62
Delhi,7,22,70.86504586533181,32.32272626787435,1.0,107.5,62
Delhi,7,23,69.56295092124466,33.23761686088345,5.6875,101.06634905536777,62
Delhi,8,0,71.02057298078604,34.27887615235869,7.665,122.0,62
Delhi,8,1,72.43041821199806,32.95254094122631,11.55,112.45,62
Delhi,8,2,73.98085697343409,32.62121354935157,6.0,125.5,62
Delhi,8,3,72.80479795099232,32.96766616754397,10.825,116.25,62
Delhi,8,4,71.42856142534963,34.03476881590485,11.75,107.0,62
Delhi,8,5,71.08304134619338,33.44209620235169,13.825,103.8122059578874,62
Delhi,8,6,70.59566714605289,33.3755369827564,12.0,103.95993801814066,62
Delhi,8,7,70.50453651647375,33.195056323450125,11.575,103.616843273019,62
Delhi,8,8,68.94585082416526,34.059083779490216,11.15,103.26092504986798,62
Delhi,8,9,67.97634666499438,33.68894219222649,14.025,102.9810967972376,62
Delhi,8,10,66.96964432014545,33.91061801311321,13.0,102.8176215783946,62
Delhi,8,11,66.63792064678584,34.009374078968875,13.275,103.23734976919886,62
Delhi,8,12,66.83430937770262,33.84700034926194,6.875,103.08936517190548,62
Delhi,8,13,71.1789720671705,33.49856773312011,14.7625,117.99630924860264,62
Delhi,8,14,73.17203773175036,32.3869547518105,16.0,116.76358755659083,62
Delhi,8,15,76.01996473764305,30.113154913061734,22.75,104.0421096642201,62
Delhi,8,16,78.29728460152116,30.187737292416486,20.75,127.5,62
Delhi,8,17,78.78484234596193,28.910267205225686,23.0,117.4777700429274,62
Delhi,8,18,78.11210554441556,28.347104001655307,22.75,116.80360072317868,62
Delhi,8,19,75.63145342960078,29.171178575014196,23.125,104.32640794446436,62
Delhi,8,20,72.61385406178094,31.22268412419979,15.5,104.13903463129864,62
Delhi,8,21,71.35590712728319,31.96127829337258,20.975,103.91984827434786,62
Delhi,8,22,70.35039540266234,33.53684344904327,13.15,103.77076702254662,62
Delhi,8,23,70.74275922055813,33.46530755671853,15.075,103.95,62
Delhi,9,0,69.88308801980934,33.1122838302664,12.65,103.66512646509312,60
Delhi,9,1,71.15360126862204,32.399545042940545,18.2,103.92073740365214,60
Delhi,9,2,72.45413444573008,32.1179207933217,18.9,104.1173239459059,60
Delhi,9,3,70.95770842899759,32.822644257663335,18.65,104.29770094581724,60
Delhi,9,4,69.34002796686978,33.98550247850412,16.0,104.24510087454064,60
Delhi,9,5,68.70754685790321,34.34701195896837,17.775,104.31687550126878,60
Delhi,9,6,68.09222038813837,35.01689571705912,17.9,104.27875500369156,60
Delhi,9,7,67.25956645005523,35.848622442751974,15.875,104.11499767197958,60
Delhi,9,8,65.99397046290429,36.67898458968793,7.0,103.6581304473799,60
Delhi,9,9,65.23641751127144,37.41020110505542,8.833333333333334,103.35739199423568,60
Delhi,9,10,64.42780758026478,38.3404535937964,2.665,103.36848058018074,60
Delhi,9,11,64.46208718648235,37.19965172630039,12.5,103.03190512154308,60
Delhi,9,12,65.45173708346287,36.68782834845236,7.985,103.38542747586918,60
Delhi,9,13,69.91394900871231,35.22424993391542,11.6425,122.32820905962193,60
Delhi,9,14,71.5280126873262,34.42435183944862,8.0,105.75,60
Delhi,9,15,75.49051445816545,31.32612646977168,10.95,104.09329676560502,60
Delhi,9,16,79.68738782148345,30.181750531746246,13.15,127.0,60
Delhi,9,17,78.24353816330705,28.904275213634516,17.7,110.25,60
Delhi,9,18,76.96011110182556,28.94667420545646,19.75,104.0,60
Delhi,9,19,75.7927396058646,29.006935456630366,18.125,103.74312719401156,60
Delhi,9,20,74.58650193603732,29.538636930238862,16.5,103.50753866630173,60
Delhi,9,21,73.2594619610276,30.80788411283021,13.2,103.53451035069492,60
Delhi,9,22,71.83127771693381,32.32719203935171,9.9,103.59338232927912,60
Delhi,9,23,71.02418176056123,32.47511877810011,13.025,103.68752806232725,60
Delhi,10,0,111.91426725963079,53.37201604250095,21.4,330.8110000139956,62
Delhi,10,1,115.6486252685571,52.72429120774594,20.7,294.5671978723582,62
Delhi,10,2,122.47850683479935,66.31026019936718,20.0,452.0,62
Delhi,10,3,119.18607580875582,59.439966598919156,18.175,364.25,62
Delhi,10,4,116.07390512002932,55.63186518999666,16.35,336.0,62
Delhi,10,5,111.10552537260749,47.35343138181868,21.425,279.25,62
Delhi,10,6,103.65433920949756,42.69014133203472,26.3,257.0,62
Delhi,10,7,99.08256057180697,35.21160617974766,24.15,224.5,62
Delhi,10,8,94.54323645450509,30.257650471229084,21.8,192.0,62
Delhi,10,9,92.15329024904098,28.76768366473905,20.925,172.75,62
Delhi,10,10,89.89233470885523,29.200508391769233,20.05,181.5,62
Delhi,10,11,93.88012806780438,30.600143697319627,15.3375,195.0,62
Delhi,10,12,97.88483549333115,33.48991695618842,10.625,208.5,62
Delhi,10,13,109.95631241190195,44.95823823924712,15.3875,267.75,62
Delhi,10,14,121.92597526402157,62.0364968435458,20.15,376.0,62
Delhi,10,15,132.69989144341372,88.46201554477042,25.65,604.0,62
Delhi,10,16,143.25665220621966,118.48796501230726,31.15,832.0,62
Delhi,10,17,138.41259299793313,111.07634264213988,35.075,794.0,62
Delhi,10,18,133.56904925711575,104.07613106938821,39.0,756.0,62
Delhi,10,19,127.77772163841504,95.53761129666533,33.9,718.0,62
Delhi,10,20,119.37444653672542,69.43225953179497,14.0,484.9856945441664,62
Delhi,10,21,108.78159475066953,49.03499610956988,-16.140782818681558,294.75,62
Delhi,10,22,106.80047822660327,43.97321403763622,10.336880297699878,270.5,62
Delhi,10,23,110.13700100828473,43.240648061276595,20.75,278.0,62
Delhi,11,0,184.90930991259444,102.88802486785576,102.47249059692749,520.5,60
Delhi,11,1,189.28349280981806,105.0541671533271,102.80249828567744,480.5,60
Delhi,11,2,193.56260703183182,110.14414768456162,103.3371890990578,481.0,60
Delhi,11,3,191.5340333179314,107.54873406823963,103.29700445600292,439.5,60
Delhi,11,4,190.23745159555833,107.03500395787653,103.49889531777784,446.5,60
Delhi,11,5,173.4101568611727,86.8664545107145,91.775,375.25,60
Delhi,11,6,156.50151617642595,70.59279260105622,70.8,313.0,60
Delhi,11,7,142.48378164806826,57.13469175753493,69.3,287.25,60
Delhi,11,8,127.82242628553942,45.821904333673416,67.8,277.3333333333333,60
Delhi,11,9,121.82911429688438,45.17783322248156,60.65,275.75,60
Delhi,11,10,117.01961870101697,43.172488979397414,49.0,290.0,60
Delhi,11,11,123.52516246948322,46.24897855136506,50.875,318.75,60
Delhi,11,12,136.4059917135948,56.16793686141457,52.75,347.5,60
Delhi,11,13,162.12492497485664,80.97531375767238,71.45,407.0,60
Delhi,11,14,187.88769044378483,110.95964914538901,90.15,468.0,60
Delhi,11,15,192.64266488046005,112.66249657617088,101.67246586849306,436.5,60
Delhi,11,16,197.36735828170143,116.65315096951181,101.43616427492132,483.5,60
Delhi,11,17,192.52485023347768,104.66586008758803,101.6775557202876,416.25,60
Delhi,11,18,186.7214829954149,96.9785245848769,101.76988741666796,394.5,60
Delhi,11,19,181.98270467825023,95.10451107866977,74.50964362144543,405.75,60
Delhi,11,20,178.7189866949566,95.17405462162509,79.63493471239059,464.0,60
Delhi,11,21,179.67624591960916,97.47783750389466,95.525,506.0,60
Delhi,11,22,180.25409017005595,101.16148599492341,86.9,548.0,60
Delhi,11,23,182.89895188386384,101.4361520430475,102.2,534.25,60
Delhi,12,0,161.52921412291184,78.39904603635986,100.41373170550544,360.0,62
Delhi,12,1,163.35117253007064,79.34644793737576,98.83361986664784,377.25,62
Delhi,12,2,165.27115546634573,83.76249484063216,101.05896894649972,446.0,62
Delhi,12,3,163.18498775684122,82.18079574270588,100.825,439.0,62
Delhi,12,4,162.57807341079453,81.70343297872786,81.65,432.0,62
Delhi,12,5,157.56548869174748,79.70572200393711,78.725,449.75,62
Delhi,12,6,152.36936985804923,81.81421740877826,66.85,474.0,62
Delhi,12,7,145.77503345215126,76.7429119409504,61.7,467.25,62
Delhi,12,8,138.99013921163018,73.88669308166664,56.55,460.5,62
Delhi,12,9,135.5153680058664,69.36181770016358,51.4,422.25,62
Delhi,12,10,133.8002510628798,67.46837175337495,46.25,384.0,62
Delhi,12,11,139.11225135358268,69.93545268082768,47.65,387.0,62
Delhi,12,12,144.18843725239995,73.32021046931604,49.05,390.0,62
Delhi,12,13,174.6341314496464,99.8363790052227,99.1493499307308,496.0,62
Delhi,12,14,206.2387164771175,137.0574855405624,100.43575154644262,659.0,62
Delhi,12,15,230.3860693028069,163.53361859692475,99.82235537495752,666.0,62
Delhi,12,16,254.2115268983161,195.89625976025437,100.32144137890704,689.0,62
Delhi,12,17,237.45441119434358,172.40544315076977,101.0950716196217,621.25,62
Delhi,12,18,220.51381917187183,151.33944121818527,100.89703925507366,609.5,62
Delhi,12,19,201.42800435322346,125.98363599473522,100.22339808995524,517.5,62
Delhi,12,20,182.42605539317995,102.12620810904016,100.59527997171853,457.5,62
Delhi,12,21,173.72700873074,92.00915006328731,100.5519267722657,412.0,62
Delhi,12,22,165.1107455912167,82.78988165189384,98.65,388.5,62
Delhi,12,23,163.30381251648848,80.00818421481763,100.47201831509804,358.5,62
Mumbai,1,0,117.2071276944292,44.15711356714519,18.25,161.58860508575503,62
Mumbai,1,1,117.28585061531965,43.368905820385805,21.475,143.49982169165287,62
Mumbai,1,2,117.73565518999342,42.91416761877265,24.700000000000003,143.66073194163573,62
Mumbai,1,3,118.07031394743441,42.428465565178435,26.075000000000003,143.68322738709162,62
Mumbai,1,4,118.2006600607037,41.9093288724184,27.450000000000003,143.6087355155746,62
Mumbai,1,5,117.27983851823997,41.668871196414884,27.700000000000003,143.55538867120254,62
Mumbai,1,6,114.56436052279577,42.261705316175274,25.45,142.1309130237887,62
Mumbai,1,7,112.79005608692978,43.61373706934096,25.45,140.17591561886206,62
Mumbai,1,8,111.31688955711108,45.346108263809235,24.5,139.9425686857967,62
Mumbai,1,9,110.51896906184156,46.29373330590117,20.725,139.9404987521134,62
Mumbai,1,10,109.73253085793009,47.2658747006301,16.95,139.35764625356683,62
Mumbai,1,11,109.50947147883613,47.51637293924688,17.799999999999997,139.1978467520198,62
Mumbai,1,12,107.82831077677488,48.48727819862431,18.65,139.34737178194905,62
Mumbai,1,13,108.08747985889944,48.28368208625715,17.675,139.59932460328855,62
Mumbai,1,14,106.59398647054648,48.822958893776516,16.05,139.579950435118,62
Mumbai,1,15,106.83772197582539,48.9962965220641,18.575000000000003,141.6931672870578,62
Mumbai,1,16,108.95870392581843,48.57192585957495,20.25,142.29863542953558,62
Mumbai,1,17,111.05928573358986,48.93273664583662,19.375,164.4484040106886,62
Mumbai,1,18,111.55527139464986,48.5096063073533,18.5,164.5056963792988,62
Mumbai,1,19,111.46214765371623,47.877148936546845,17.95,142.97506660381646,62
Mumbai,1,20,111.63226385948089,47.528545410668,17.4,143.21112415074276,62
Mumbai,1,21,112.10179150421615,46.96738805350832,17.174999999999997,143.35986238126816,62
Mumbai,1,22,114.77181621163172,44.996371558677495,16.95,143.61483876310808,62
Mumbai,1,23,116.97603037234117,45.18624945338172,17.6,161.68701293203435,62
Mumbai,2,0,102.13001415547242,96.76243078272971,6.375,443.0,56
Mumbai,2,1,104.49483015573331,96.39486156290808,7.195,443.0,56
Mumbai,2,2,102.23985042967728,96.44880230784423,8.015,443.0,56
Mumbai,2,3,102.90063424297071,96.10836816478563,10.4825,443.0,56
Mumbai,2,4,103.11896700507543,95.61674567380304,8.32,443.0,56
Mumbai,2,5,100.40486708076575,92.65686532384746,9.71,443.0,56
Mumbai,2,6,95.87561044802382,90.72651709711553,11.1,443.0,56
Mumbai,2,7,90.93320478602392,86.49639411333146,7.672499999999999,443.0,56
Mumbai,2,8,85.11681978126173,86.73930272313521,3.86,443.0,56
Mumbai,2,9,85.41985162835556,87.49651063287358,4.1325,443.0,56
Mumbai,2,10,84.75169390606099,87.8094307205581,4.404999999999999,443.0,56
Mumbai,2,11,83.95039321169399,87.75293277050505,4.2125,443.0,56
Mumbai,2,12,84.3146117190405,88.16130094592408,4.02,443.0,56
Mumbai,2,13,85.1406127729277,88.36950752993972,4.2275,443.0,56
Mumbai,2,14,85.36508535485866,88.3161762415147,4.4350000000000005,443.0,56
Mumbai,2,15,85.46482530974832,88.14743094377646,5.21,443.0,56
Mumbai,2,16,91.38971798401766,100.14893989321628,5.44,443.0,56
Mumbai,2,17,92.75449798421054,99.99363102010003,5.8275,443.0,56
Mumbai,2,18,93.62984075135182,99.62771983104697,4.99,443.0,56
Mumbai,2,19,93.8669768452997,99.39182267114643,4.5575,443.0,56
Mumbai,2,20,94.7078417361432,98.50068470541395,4.125,443.0,56
Mumbai,2,21,97.63782254817079,99.13841890280598,4.235,443.0,56
Mumbai,2,22,95.08472392599434,90.12126704888817,4.345000000000001,443.0,56
Mumbai,2,23,94.9249868496523,88.65710760784029,5.36,443.0,56
Mumbai,3,0,32.08140729301159,43.44901393101512,0.0,141.33885502368867,62
Mumbai,3,1,33.831904613396816,43.0205397090426,1.5,141.59151777626812,62
Mumbai,3,2,35.53570211428656,42.69887304628966,2.5965,141.6864393163023,62
Mumbai,3,3,36.496238825942484,42.2810445939088,3.00325,141.58701788723488,62
Mumbai,3,4,35.625033834483325,39.73234906735029,3.41,141.4045363264629,62
Mumbai,3,5,34.680958589766384,39.51376337252264,3.05,140.27347754749553,62
Mumbai,3,6,31.978165451514673,37.20678874433661,2.69,138.6712703693836,62
Mumbai,3,7,30.49770468960756,37.14073300120935,1.9525,137.81059413273329,62
Mumbai,3,8,28.155979514954637,37.702501184371485,1.215,187.7866705177746,62
Mumbai,3,9,28.047609869695506,36.49048119805626,3.0225,171.91464963493786,62
Mumbai,3,10,29.775341741928468,35.14770028623199,2.585,137.00426584535353,62
Mumbai,3,11,32.057041650911906,42.60229559169423,1.73,162.52541510554445,62
Mumbai,3,12,31.15552596139831,42.51135994325208,0.875,161.75367296282025,62
Mumbai,3,13,29.980179809411535,38.82474233460204,1.8925,137.3514950520223,62
Mumbai,3,14,31.383893260828277,39.72724577619305,2.0250000000000004,137.593345531752,62
Mumbai,3,15,32.50832022821782,43.04087889097347,1.687,173.33206084742392,62
Mumbai,3,16,32.69124521487806,44.017949027878366,0.4639999999999999,174.93616706405737,62
Mumbai,3,17,32.364601698374685,42.22980090044119,0.2319999999999999,140.2940791084984,62
Mumbai,3,18,32.70670546579806,42.495585149691316,0.0,140.31492101412186,62
Mumbai,3,19,32.45563725080253,42.633760172651776,0.3275,140.67205384630142,62
Mumbai,3,20,32.308553642955204,43.19886932571516,0.0,140.9962923170283,62
Mumbai,3,21,31.461216819891874,43.188763213654184,0.0,141.20426073243902,62
Mumbai,3,22,30.677822082208166,43.51715006444097,0.0,141.36438498068014,62
Mumbai,3,23,31.227211027493407,43.43152649223947,0.10575,141.34667571630575,62
Mumbai,4,0,107.01761899082263,175.71885292547665,0.1215,739.0,60
Mumbai,4,1,107.91726598439708,175.2186790119721,1.6557499999999996,739.0,60
Mumbai,4,2,112.38414869173242,176.423675417689,3.1899999999999995,739.0,60
Mumbai,4,3,112.64853861120952,176.27856750974112,3.4624999999999995,739.0,60
Mumbai,4,4,114.23383087288234,175.6686554798275,3.455,739.0,60
Mumbai,4,5,114.89409787649126,176.04015617218658,1.97575,739.0,60
Mumbai,4,6,113.13959084313986,175.69288947104917,0.4965,739.0,60
Mumbai,4,7,112.11552681332255,175.34163135654182,1.6407500000000002,739.0,60
Mumbai,4,8,114.84626486253838,176.73154236693966,2.59,739.0,60
Mumbai,4,9,114.5317109392834,176.47388073717391,3.5125,739.0,60
Mumbai,4,10,115.62344980452704,175.87892357203472,4.4350000000000005,739.0,60
Mumbai,4,11,115.85677551189242,176.20662251315323,4.365,739.0,60
Mumbai,4,12,115.00720656867392,175.56834554782938,3.79,739.0,60
Mumbai,4,13,115.42632330151444,174.91171877259595,4.3625,739.0,60
Mumbai,4,14,114.13019071891651,175.00483038437653,2.975,739.0,60
Mumbai,4,15,114.24475380531402,174.91311500643937,3.3925,739.0,60
Mumbai,4,16,113.0823830844056,175.40894347035675,3.81,739.0,60
Mumbai,4,17,113.45071808326307,175.66682082566524,2.41,739.0,60
Mumbai,4,18,112.9990465299718,175.83259652352314,0.495,739.0,60
Mumbai,4,19,114.94852096177071,175.2109274316779,1.42,739.0,60
Mumbai,4,20,117.10049719233001,175.99587871947054,0.0,739.0,60
Mumbai,4,21,120.73260628774716,182.12093272192553,1.81,739.0,60
Mumbai,4,22,122.18076566447068,193.8763843585726,0.12,739.0,60
Mumbai,4,23,122.74282957152701,193.55101591920476,0.575,739.0,60
Mumbai,5,0,139.71082345236428,205.0347750335779,0.69,739.0,62
Mumbai,5,1,140.1571603008341,204.75873136595487,0.41,739.0,62
Mumbai,5,2,139.73861819196736,204.61442693700042,0.13,739.0,62
Mumbai,5,3,141.3125689112629,204.2246773416787,2.04575,739.0,62
Mumbai,5,4,141.81768159276024,203.95408759280627,1.5,739.0,62
Mumbai,5,5,140.81420135513594,204.28158028585037,1.86,739.0,62
Mumbai,5,6,138.26246028092118,205.2654072349513,0.61625,739.0,62
Mumbai,5,7,139.847315366434,203.825428263137,0.308125,739.0,62
Mumbai,5,8,141.52411102844528,204.4976714781757,0.0,739.0,62
Mumbai,5,9,137.99820715083126,196.15120587766697,1.34,739.0,62
Mumbai,5,10,134.49665548705937,194.86513062378438,0.0,739.0,62
Mumbai,5,11,133.59134466997534,191.88462594581068,1.6531250000000002,739.0,62
Mumbai,5,12,129.11397213957272,192.31060369832727,0.62625,739.0,62
Mumbai,5,13,128.72643920389265,192.19874238262057,2.37,739.0,62
Mumbai,5,14,126.25819054486209,190.21125557650535,1.575,739.0,62
Mumbai,5,15,123.64424472024115,189.8263990801157,2.545,739.0,62
Mumbai,5,16,126.82263002310668,188.69861163341128,2.465,739.0,62
Mumbai,5,17,134.122330027003,188.09471990153529,3.0125,739.0,62
Mumbai,5,18,139.59390730750727,193.4335684294084,1.705,739.0,62
Mumbai,5,19,139.5285720475035,195.98422580747877,1.867,739.0,62
Mumbai,5,20,136.92204721650887,204.61756906509137,2.029,739.0,62
Mumbai,5,21,136.1374644205143,205.0015260465285,1.7945,739.0,62
Mumbai,5,22,135.4733082217973,205.4674014658082,0.62625,739.0,62
Mumbai,5,23,135.71535669874467,205.32882226050725,0.658125,739.0,62
Mumbai,6,0,263.12277670671835,291.2910701480071,4.26,739.0,61
Mumbai,6,1,267.0568240938603,289.33791094028624,4.925,739.0,61
Mumbai,6,2,271.2943368459663,289.52577842252003,1.075,739.0,61
Mumbai,6,3,271.62533355029757,286.3791523739881,4.859999999999999,739.0,61
Mumbai,6,4,268.21453474388966,288.5572727691185,7.77,739.0,61
Mumbai,6,5,274.52908562364627,284.585595384765,8.25,739.0,61
Mumbai,6,6,273.54649060348265,284.21298947113553,7.855,739.0,61
Mumbai,6,7,260.8581470131634,283.886637405982,8.5175,739.0,61
Mumbai,6,8,245.6592696118252,293.2437778018871,2.9315,739.0,61
Mumbai,6,9,253.34188243806972,286.3387828898495,6.52825,739.0,61
Mumbai,6,10,258.7342793379991,290.8848032074828,4.275,739.0,61
Mumbai,6,11,255.79704288840932,287.0545078669828,4.69,739.0,61
Mumbai,6,12,252.5660079661234,288.02286362155974,3.515,739.0,61
Mumbai,6,13,254.47451096588682,285.8956985314415,5.695,739.0,61
Mumbai,6,14,258.5216526412552,290.2789506852026,3.595,739.0,61
Mumbai,6,15,259.26518835607897,285.46727988145886,7.522499999999999,739.0,61
Mumbai,6,16,257.86289929942507,288.9885483858441,0.0,739.0,61
Mumbai,6,17,251.54226697250496,285.93823698037653,1.285,739.0,61
Mumbai,6,18,247.05146768917592,287.7129886698062,0.0,739.0,61
Mumbai,6,19,250.43108776073046,286.04482895141535,2.0225,739.0,61
Mumbai,6,20,252.21158439444886,285.363196345685,1.475,739.0,61
Mumbai,6,21,251.81606776512436,285.631386484792,3.8775,739.0,61
Mumbai,6,22,251.63876496769174,285.8041053227514,0.619,739.0,61
Mumbai,6,23,253.26766931499654,284.84283317024517,4.0,739.0,61
Mumbai,7,0,75.81914526016622,61.39654374662237,8.120000000000001,138.2907657723431,62
Mumbai,7,1,75.85343315372855,61.21843098391376,7.93,138.70359943180347,62
Mumbai,7,2,76.00909822673121,61.17255552820433,7.055,138.41253488297752,62
Mumbai,7,3,75.97754464049316,61.15676074717601,7.252499999999999,138.06726136103362,62
Mumbai,7,4,77.29979033282478,60.66028433486209,7.449999999999999,137.7889135923053,62
Mumbai,7,5,78.80663939693841,61.482812939675355,6.98,169.39123040423442,62
Mumbai,7,6,79.02518266188245,61.15684404971497,6.0,168.74304898369564,62
Mumbai,7,7,83.33822913378346,66.50662473130035,6.4825,311.75,62
Mumbai,7,8,86.37973898247631,90.98135255828119,6.455,617.5,62
Mumbai,7,9,81.29549579724372,67.00756036347728,6.22,313.7625,62
Mumbai,7,10,76.2014457658799,60.632456072449756,5.984999999999999,137.12647001956384,62
Mumbai,7,11,76.47127782574071,60.35483134625449,6.1,137.18898267120608,62
Mumbai,7,12,76.80943979833773,60.21131714668872,6.215,137.18101355712224,62
Mumbai,7,13,77.0749318808514,60.10445922792601,7.45,137.37019452292293,62
Mumbai,7,14,77.3605629317311,60.40227873883653,8.685,137.73733175056782,62
Mumbai,7,15,76.78663114916132,60.73181386345977,10.315,138.13394539047954,62
Mumbai,7,16,76.13010463313971,61.26418682706872,10.3,138.10126098872297,62
Mumbai,7,17,76.27107545269837,61.20403439748345,10.2575,138.3737346114301,62
Mumbai,7,18,77.50265844179344,60.64605295611614,9.745,138.67005198213678,62
Mumbai,7,19,78.4206347176128,61.58853725077036,9.935,155.19432164881528,62
Mumbai,7,20,75.9725378715007,61.429472111439274,9.0,138.4253753331518,62
Mumbai,7,21,75.8214652355731,61.447070359747165,9.075,138.02920337824253,62
Mumbai,7,22,75.70395999615988,61.520588651762054,8.125,137.9597523343175,62
Mumbai,7,23,75.75850324265816,61.57217067065081,8.185,138.09060131513888,62
Mumbai,8,0,79.47900360609881,63.04281876113097,6.5,139.73775339085705,62
Mumbai,8,1,79.53495269145695,62.71294516035523,6.75,139.92653777496025,62
Mumbai,8,2,79.7668431497182,62.56481595881718,7.0,139.88645213916584,62
Mumbai,8,3,84.15410431965809,65.50476093122873,7.25,257.5,62
Mumbai,8,4,86.38385999321784,81.22730089683748,7.0,500.0,62
Mumbai,8,5,90.11643845175323,104.01513744342236,6.065,742.5,62
Mumbai,8,6,95.26320066638198,129.73272237394087,4.42,985.0,62
Mumbai,8,7,96.36673176773117,130.1689550336762,3.76,985.0,62
Mumbai,8,8,97.87314920893603,129.74601580363725,3.1,985.0,62
Mumbai,8,9,94.85749302856136,103.55418235742002,11.6675,740.0,62
Mumbai,8,10,90.43833117522465,80.38064135272376,9.0,495.0,62
Mumbai,8,11,86.25638430117094,63.807234976697316,9.113333333333332,250.0,62
Mumbai,8,12,82.36885883812644,60.99624397818373,5.0,167.8130214876005,62
Mumbai,8,13,82.60632182562871,59.7403038989634,7.8625,138.75997517865198,62
Mumbai,8,14,82.40176580733541,58.80228944616375,6.0,138.8737205082266,62
Mumbai,8,15,85.75978605705647,60.60557038808203,6.625,168.18585718944792,62
Mumbai,8,16,86.03877829875786,62.516796080225895,7.25,195.1875,62
Mumbai,8,17,87.28322390528545,66.34351628716641,7.666666666666667,286.40625,62
Mumbai,8,18,88.21543734970858,64.22862756474625,6.83,239.9309695483721,62
Mumbai,8,19,87.04808845403956,63.031150169427875,6.5325,218.125402028179,62
Mumbai,8,20,85.89647408621477,62.30317533176145,6.015,203.40443507297184,62
Mumbai,8,21,85.94134272399103,61.730851278858246,8.040000000000001,168.19267222221515,62
Mumbai,8,22,91.5128100515528,104.41806546556455,6.0,742.5,62
Mumbai,8,23,85.58365756923297,72.75229048060454,6.25,377.375,62
Mumbai,9,0,216.33270199103694,313.7780575579828,8.175,985.0,60
Mumbai,9,1,220.2495142142616,319.033073764303,8.120000000000001,985.0,60
Mumbai,9,2,224.26328230208537,327.1468746577749,8.065,985.0,60
Mumbai,9,3,224.57438429310244,326.90584706610974,9.125,985.0,60
Mumbai,9,4,224.99832536405933,326.6405032996443,7.5,985.0,60
Mumbai,9,5,224.77079338377527,326.6888978859176,8.595,985.0,60
Mumbai,9,6,222.6135544814206,327.6691170750058,9.69,985.0,60
Mumbai,9,7,222.27559336745935,327.85079652996404,7.504999999999999,985.0,60
Mumbai,9,8,223.17073529620106,327.39772147266655,4.859999999999999,985.0,60
Mumbai,9,9,226.82309401453475,326.0667173999083,5.547499999999999,985.0,60
Mumbai,9,10,229.33257691353748,326.3761639265468,6.235,985.0,60
Mumbai,9,11,226.1592495392278,326.23134998435177,8.274999999999999,985.0,60
Mumbai,9,12,224.87730088938122,326.559921441543,7.265,985.0,60
Mumbai,9,13,226.14271834726895,326.18266642766287,7.227499999999999,985.0,60
Mumbai,9,14,223.88183122719659,327.14612885989993,7.19,985.0,60
Mumbai,9,15,224.25668946576292,326.9686495607898,9.995,985.0,60
Mumbai,9,16,224.7056733886222,326.77458068992166,12.760000000000002,985.0,60
Mumbai,9,17,224.67853341453446,326.84314764818964,10.95,985.0,60
Mumbai,9,18,224.55413564731677,326.9453313472068,7.3,985.0,60
Mumbai,9,19,224.428275378455,327.0530489290505,8.9775,985.0,60
Mumbai,9,20,224.2389757420855,327.18063048336313,7.045,985.0,60
Mumbai,9,21,224.11236897789541,327.23972718717096,8.872499999999999,985.0,60
Mumbai,9,22,224.09151159900463,327.2723952186239,5.5,985.0,60
Mumbai,9,23,228.3140528400116,326.03707168682877,6.8375,985.0,60
Mumbai,10,0,262.0254532177651,341.0856393042354,9.6,985.0,62
Mumbai,10,1,262.422345393669,340.8815874972767,12.9725,985.0,62
Mumbai,10,2,262.91999574495827,340.69408184038133,13.5,985.0,62
Mumbai,10,3,263.0866062428669,340.51784673169686,14.775,985.0,62
Mumbai,10,4,263.10128402835034,340.42804737831636,16.05,985.0,62
Mumbai,10,5,263.9767770820868,340.4480873322434,14.525,985.0,62
Mumbai,10,6,264.7912483200179,342.1337970738486,13.0,985.0,62
Mumbai,10,7,260.7360713122755,342.2885569556443,11.525,985.0,62
Mumbai,10,8,257.63722428700055,343.37998669091894,10.05,985.0,62
Mumbai,10,9,253.10256966498403,335.26073345430245,11.3,985.0,62
Mumbai,10,10,247.69902980991748,331.4278636195609,12.55,985.0,62
Mumbai,10,11,244.54604717415404,330.90871291126496,11.035,985.0,62
Mumbai,10,12,241.9535085751265,331.6354680017616,9.52,985.0,62
Mumbai,10,13,242.28957865208196,331.4583612155186,11.11,985.0,62
Mumbai,10,14,242.7083084827041,331.2661462137125,12.7,985.0,62
Mumbai,10,15,243.9483624021521,330.6402656802118,13.725,985.0,62
Mumbai,10,16,245.39191347364195,330.04123816223404,13.8,985.0,62
Mumbai,10,17,246.48143675992492,329.52522664981433,11.56,985.0,62
Mumbai,10,18,247.49102665351168,329.07371067664866,9.32,985.0,62
Mumbai,10,19,247.18703014627005,329.1230897171088,7.915,985.0,62
Mumbai,10,20,244.99731870468727,330.17899840212215,6.51,985.0,62
Mumbai,10,21,245.4095542041782,329.95143093518504,8.5175,985.0,62
Mumbai,10,22,245.79643439121105,329.74914900504024,7.965,985.0,62
Mumbai,10,23,246.0468969681151,329.59589540500696,8.782499999999999,985.0,62
Mumbai,11,0,117.53399894725571,133.04254701570838,5.359999999999999,640.0,60
Mumbai,11,1,117.43320785476142,133.16537925585078,6.359999999999999,640.0,60
Mumbai,11,2,117.27896142391286,133.30923889964575,7.359999999999999,640.0,60
Mumbai,11,3,118.31345218037205,132.5378672697228,9.5975,640.0,60
Mumbai,11,4,117.0603368602945,132.50562409140142,8.045,640.0,60
Mumbai,11,5,116.49376528423322,132.5460291626991,9.845,640.0,60
Mumbai,11,6,115.88278058200427,132.6321357543858,9.75,640.0,60
Mumbai,11,7,109.62414289601878,118.02220033867962,8.485,640.0,60
Mumbai,11,8,105.55687440692115,113.85513303215996,7.09,640.0,60
Mumbai,11,9,106.44791842371066,114.84062295221554,6.8575,640.0,60
Mumbai,11,10,105.22756022608802,115.4809225402183,6.46,640.0,60
Mumbai,11,11,104.08224100237798,115.29671985680774,6.6075,640.0,60
Mumbai,11,12,99.88989992246078,116.41648849872514,5.76,640.0,60
Mumbai,11,13,99.68965607465935,116.57603438764617,6.779999999999999,640.0,60
Mumbai,11,14,99.49485318486398,116.75714393946618,7.8,640.0,60
Mumbai,11,15,100.11691337523739,116.6098773777171,8.145,640.0,60
Mumbai,11,16,101.34897505615328,116.67376011037648,8.49,640.0,60
Mumbai,11,17,105.14122404514636,116.31438133595323,6.845000000000001,640.0,60
Mumbai,11,18,110.03381467538007,118.4378191572445,5.2,640.0,60
Mumbai,11,19,114.82789942799046,124.31151525411575,10.4975,640.0,60
Mumbai,11,20,118.35008482270504,132.69722810100768,9.345,640.0,60
Mumbai,11,21,117.92089197779451,132.48882510093262,9.395,640.0,60
Mumbai,11,22,118.04691402739756,132.46234266467525,9.445,640.0,60
Mumbai,11,23,117.94251453611629,132.61436589997484,7.4025,640.0,60
Mumbai,12,0,166.04528252504548,190.14801178921329,31.55,985.0,62
Mumbai,12,1,165.8496508514791,190.3074570989432,30.700000000000003,985.0,62
Mumbai,12,2,165.195957411888,190.4671007213064,26.95,985.0,62
Mumbai,12,3,164.70117656162148,190.76736583822137,25.825,985.0,62
Mumbai,12,4,177.54371668712602,217.6696072551961,24.7,985.0,62
Mumbai,12,5,175.9529439823084,214.36293541790968,27.85,985.0,62
Mumbai,12,6,170.75082572429883,212.83436456527951,24.5,985.0,62
Mumbai,12,7,163.24872518240286,196.61472036370097,24.375,985.0,62
Mumbai,12,8,156.8002769409281,193.19877062267813,22.5,985.0,62
Mumbai,12,9,156.8853578396487,193.43249729543064,22.59090909090909,985.0,62
Mumbai,12,10,157.24421277701634,193.24745827578602,22.5,985.0,62
Mumbai,12,11,158.02217972197687,193.1203562470506,21.75,985.0,62
Mumbai,12,12,159.2066194663384,192.50122266657687,21.0,985.0,62
Mumbai,12,13,162.2029761559974,191.45576977356794,20.1,985.0,62
Mumbai,12,14,164.63458078015273,192.05290408271568,19.2,985.0,62
Mumbai,12,15,164.85293633383196,190.35092970752763,24.275,985.0,62
Mumbai,12,16,166.26917074708342,191.58120468520684,23.0,985.0,62
Mumbai,12,17,165.68009294456246,190.25370479349985,27.85,985.0,62
Mumbai,12,18,164.57255000112096,190.49105711139154,30.75,985.0,62
Mumbai,12,19,164.99096615781883,190.25818282528968,32.5,985.0,62
Mumbai,12,20,156.97775382839149,162.84940062722202,33.0,985.0,62
Mumbai,12,21,148.8926864611015,159.52204941474187,-21.946955665212272,985.0,62
Mumbai,12,22,148.86656688046762,159.6468067857991,-21.87791116192352,985.0,62
Mumbai,12,23,159.96026825032746,163.88921200059008,35.099999999999994,985.0,62
