kappa,N,K,approx_fine_state_sd,approx_pooled_mean_abs_error
0,400,2,0.07071067811865475,0.03989422804014327
0,1600,2,0.035355339059327376,0.019947114020071634
0,6400,2,0.017677669529663688,0.009973557010035817
0,25600,2,0.008838834764831844,0.0049867785050179084
0.25,400,4,0.1,0.03989422804014327
0.25,1600,6,0.06123724356957945,0.019947114020071634
0.25,6400,9,0.0375,0.009973557010035817
0.25,25600,13,0.022534695471649935,0.0049867785050179084
0.5,400,20,0.22360679774997896,0.03989422804014327
0.5,1600,40,0.15811388300841897,0.019947114020071634
0.5,6400,80,0.11180339887498948,0.009973557010035817
0.5,25600,160,0.07905694150420949,0.0049867785050179084
0.75,400,89,0.4716990566028302,0.03989422804014327
0.75,1600,253,0.39764934301467164,0.019947114020071634
0.75,6400,716,0.3344772040064913,0.009973557010035817
0.75,25600,2024,0.2811805469800498,0.0049867785050179084
1,400,400,1,0.03989422804014327
1,1600,1600,1,0.019947114020071634
1,6400,6400,1,0.009973557010035817
1,25600,25600,1,0.0049867785050179084
