alpha,N,honest_expected_width,naive_rootN_width,naive_rootN_approx_coverage
0.25,400,0.8765386471799175,0.196,0.33880887642580615
0.25,1600,0.6198064213930023,0.098,0.24336530109866805
0.25,6400,0.43826932358995874,0.049,0.17345477292767808
0.25,25600,0.3099032106965012,0.0245,0.1231405559817671
0.5,400,3.92,0.196,0.078067823305084
0.5,1600,3.92,0.098,0.03908083773701265
0.5,6400,3.92,0.049,0.01954630971636595
0.5,25600,3.92,0.0245,0.009773896266266124
0.75,400,17.53077294359835,0.196,0.017483103542321077
0.75,1600,24.792256855720094,0.098,0.006181649792328825
0.75,6400,35.0615458871967,0.049,0.0021855637986580856
0.75,25600,49.58451371144019,0.0245,0.0007727150831984275
1,400,78.4,0.196,0.003909643226694737
1,1600,156.8,0.098,0.000977415483112365
1,6400,313.6,0.049,0.0002443546946038211
1,25600,627.2,0.0245,0.00006108942558480379
