a,orientation,eps,lmin,error,difficulty
0.03,balanced,0.020000,0.012996,0.666504,1.538989
0.03,strong,0.019988,0.013261,0.127458,1.507279
0.03,weak,0.019953,0.012477,0.109110,1.599206
0.06,balanced,0.040000,0.012730,1.361619,3.142133
0.06,strong,0.039976,0.013261,0.177582,3.014559
0.06,weak,0.039906,0.011716,0.121391,3.406203
0.10,balanced,0.066667,0.012377,2.348252,5.386479
0.10,strong,0.066626,0.013261,0.264948,5.024265
0.10,weak,0.066509,0.010737,0.149122,6.194470
0.20,balanced,0.133333,0.011497,5.148236,11.597300
0.20,strong,0.133252,0.013261,0.554846,10.048530
0.20,weak,0.133018,0.008473,0.266519,15.698919
0.30,balanced,0.200000,0.010629,8.506400,18.816014
0.30,strong,0.199878,0.013261,0.957990,15.072794
0.30,weak,0.199528,0.006474,0.443015,30.819105
