K,condition_number,mean_bound_over_exact,q10,median,q90,q99
3,10,1.640,1.059,1.410,2.569,5.246
3,100,1.881,1.007,1.438,3.065,8.878
3,1000,1.948,1.005,1.454,3.181,9.924
3,10000,1.962,1.005,1.457,3.208,10.064
10,10,2.030,1.488,1.970,2.638,3.348
10,100,2.613,1.512,2.433,3.949,5.767
10,1000,2.862,1.522,2.582,4.482,7.185
10,10000,2.985,1.526,2.642,4.783,8.062
50,10,2.152,1.871,2.137,2.450,2.746
50,100,3.094,2.389,3.024,3.877,4.762
50,1000,3.601,2.545,3.463,4.833,6.258
50,10000,3.911,2.610,3.703,5.460,7.458
