city,distance_band,n,filter_entropy,smooth_entropy,filter_smooth_l1
Delhi,0-1,122,0.244574,0.375969,0.922538
Delhi,2-3,128,0.118331,0.075159,0.145142
Delhi,4-8,126,0.104455,0.055033,0.131107
Delhi,9-24,230,0.085568,0.018097,0.085298
Delhi,25+,4034,0.009719,0.001699,0.009008
Mumbai,0-1,975,0.291236,0.319262,0.413422
Mumbai,2-3,881,0.075742,0.057247,0.040958
Mumbai,4-8,499,0.079747,0.034670,0.051189
Mumbai,9-24,700,0.129778,0.057773,0.081275
Mumbai,25+,1125,0.037203,0.007936,0.016819
Bengaluru,0-1,1931,0.164839,0.159099,0.152625
Bengaluru,2-3,1608,0.003711,0.002664,0.001798
Bengaluru,4-8,463,0.033158,0.024408,0.023198
Bengaluru,9-24,91,0.168123,0.108087,0.107956
Kolkata,0-1,531,0.171226,0.170691,0.167792
Kolkata,2-3,465,0.006843,0.004704,0.003250
Kolkata,4-8,115,0.033131,0.018821,0.022689
Kolkata,9-24,81,0.115780,0.071086,0.061150
Kolkata,25+,17,0.008921,0.002576,0.002311
