alpha,N,BIC_advantage_K2,state_class_error,causal_power,mean_abs_z
0.25,400,34.867,0.066,0.56,2.230
0.25,800,83.573,0.068,0.68,2.498
0.25,1600,174.380,0.067,0.80,2.890
0.25,3200,379.905,0.067,0.98,3.841
0.25,6400,771.418,0.067,1.00,4.498
0.50,400,35.094,0.069,0.10,0.956
0.50,800,80.731,0.067,0.06,0.922
0.50,1600,184.116,0.065,0.08,0.842
0.50,3200,367.531,0.067,0.04,0.868
0.50,6400,762.948,0.067,0.08,0.809
0.75,400,32.574,0.068,0.02,0.721
0.75,800,79.110,0.066,0.06,0.792
0.75,1600,176.756,0.067,0.00,0.712
0.75,3200,383.969,0.067,0.02,0.809
0.75,6400,764.014,0.067,0.08,0.695
1.00,400,35.880,0.068,0.06,0.790
1.00,800,86.679,0.068,0.06,0.875
1.00,1600,176.008,0.068,0.00,0.715
1.00,3200,380.545,0.066,0.06,0.682
1.00,6400,785.866,0.067,0.02,0.718
