delta,N,selected_error,refined_error,oracle_error,win_rate,regret_to_oracle
0.0,800,0.127,0.956,0.121,0.973,0.006
0.0,1600,0.089,0.681,0.085,0.980,0.004
0.0,3200,0.063,0.480,0.060,0.983,0.003
0.1,800,0.171,0.952,0.151,0.965,0.020
0.1,1600,0.133,0.678,0.116,0.970,0.017
0.1,3200,0.106,0.479,0.091,0.975,0.015
0.25,800,0.294,0.949,0.257,0.925,0.037
0.25,1600,0.247,0.675,0.215,0.935,0.032
0.25,3200,0.212,0.478,0.186,0.940,0.026
0.5,800,0.538,0.946,0.446,0.770,0.092
0.5,1600,0.456,0.674,0.382,0.735,0.074
0.5,3200,0.378,0.477,0.329,0.690,0.049
1.0,800,0.876,0.948,0.683,0.535,0.193
1.0,1600,0.680,0.675,0.532,0.465,0.148
1.0,3200,0.499,0.478,0.422,0.425,0.077
2.0,800,1.020,0.955,0.824,0.410,0.196
2.0,1600,0.721,0.680,0.609,0.390,0.112
2.0,3200,0.491,0.481,0.450,0.360,0.041
