K,target_dim,subspace_type,global_amplification,target_subspace_amplification,global_over_subspace
5,1,strong,10000,1.0,10000.0
5,1,weak,10000,10000.0,1.0
5,1,random,10000,5192.4,1.926
10,1,strong,10000,1.0,10000.0
10,1,weak,10000,10000.0,1.0
10,1,random,10000,2468.7,4.051
20,1,strong,10000,1.0,10000.0
20,1,weak,10000,10000.0,1.0
20,1,random,10000,2191.6,4.563
50,1,strong,10000,1.0,10000.0
50,1,weak,10000,10000.0,1.0
50,1,random,10000,1668.1,5.995
50,5,strong,10000,2.12095,4714.9
50,5,weak,10000,10000.0,1.0
50,5,random,10000,3402.7,2.939
