dz,dT,nuis,bias,var_Ttilde
0.5,0.25,hard_fe,0.058001105286078956,1.0189133028666553
0.5,0.25,oracle_state,-0.005419477213201768,1.013564842032499
0.5,0.25,standard_dml,0.17324655930501232,1.0278736576560512
0.5,0.5,hard_fe,0.1200429513636158,1.0350777641693716
0.5,0.5,oracle_state,-0.005419477213201823,1.013564842032499
0.5,0.5,standard_dml,0.34078715801042164,1.0741466410555283
0.5,1.0,hard_fe,0.23139415275032751,1.099870351713567
0.5,1.0,oracle_state,-0.0054194772132018605,1.0135648420324987
0.5,1.0,standard_dml,0.5886025056349541,1.2607584843074653
0.5,2.0,hard_fe,0.3785398687407306,1.3593101865570085
0.5,2.0,oracle_state,-0.005419477213201833,1.0135648420324987
0.5,2.0,standard_dml,0.7433784001993661,2.0102456766232706
0.5,4.0,hard_fe,0.4314033186979511,2.3976084952640937
0.5,4.0,oracle_state,-0.005419477213201833,1.0135648420324987
0.5,4.0,standard_dml,0.5980767763322224,5.014274084502606
0.5,8.0,hard_fe,0.31696274451098067,6.551879668759075
0.5,8.0,oracle_state,-0.005419477213201879,1.0135648420324987
0.5,8.0,standard_dml,0.3525106096165714,17.042546993252177
0.5,16.0,hard_fe,0.1796756674752964,23.171120240072284
0.5,16.0,oracle_state,-0.0054194772132019715,1.0135648420324987
0.5,16.0,standard_dml,0.18449097277436466,65.17995718271492
0.5,32.0,hard_fe,0.09297474585681463,89.65239427999167
0.5,32.0,oracle_state,-0.005419477213202138,1.0135648420324987
0.5,32.0,standard_dml,0.09333616908022951,257.7782350494948
0.8,0.25,hard_fe,0.01750903246022406,1.0046912180071559
0.8,0.25,oracle_state,-0.005528914953685617,1.0028378857294364
0.8,0.25,standard_dml,0.17931390973888453,1.0179397856438832
0.8,0.5,hard_fe,0.04121487139958809,1.0105596726714021
0.8,0.5,oracle_state,-0.005528914953685654,1.0028378857294364
0.8,0.5,standard_dml,0.3476622664966558,1.06507577181504
0.8,1.0,hard_fe,0.0867654114338452,1.034395054464215
0.8,1.0,oracle_state,-0.005528914953685617,1.0028378857294364
0.8,1.0,standard_dml,0.5947640369320112,1.2536884412494465
0.8,2.0,hard_fe,0.16440911415927464,1.1304597079071252
0.8,2.0,oracle_state,-0.005528914953685682,1.0028378857294364
0.8,2.0,standard_dml,0.7450183514886687,2.008276568486632
0.8,4.0,hard_fe,0.2492063461037685,1.5161645742220804
0.8,4.0,oracle_state,-0.005528914953685626,1.0028378857294364
0.8,4.0,standard_dml,0.5962980009450374,5.026903976434491
0.8,8.0,hard_fe,0.24888665750108405,3.0618765445685305
0.8,8.0,oracle_state,-0.00552891495368571,1.0028378857294364
0.8,8.0,standard_dml,0.35086275710973464,17.10196340622417
0.8,16.0,hard_fe,0.1655499292825354,9.250509436127592
0.8,16.0,oracle_state,-0.005528914953685802,1.0028378857294362
0.8,16.0,standard_dml,0.1835741254783597,65.40330072137934
0.8,32.0,hard_fe,0.09025335008261941,34.01661102271036
0.8,32.0,oracle_state,-0.005528914953685876,1.0028378857294362
0.8,32.0,standard_dml,0.09287407644090435,258.610849173993
1.2,0.25,hard_fe,0.006628936501571693,0.9996664208109926
1.2,0.25,oracle_state,0.0008065880810289491,0.999303227258639
1.2,0.25,standard_dml,0.1879911674752374,1.0152177156785533
1.2,0.5,hard_fe,0.012889715822925668,1.0011285745797727
1.2,0.5,oracle_state,0.0008065880810289491,0.999303227258639
1.2,0.5,standard_dml,0.356342314349932,1.0625876133216252
1.2,1.0,hard_fe,0.02527826354015761,1.0071185292696
1.2,1.0,oracle_state,0.0008065880810289491,0.999303227258639
1.2,1.0,standard_dml,0.6028401261294414,1.251347990107529
1.2,2.0,hard_fe,0.04901179079084864,1.0313610272583242
1.2,2.0,oracle_state,0.000806588081028912,0.999303227258639
1.2,2.0,standard_dml,0.7511486891224001,2.0049510696783783
1.2,4.0,hard_fe,0.08911255166279751,1.1288963776720486
1.2,4.0,oracle_state,0.0008065880810289953,0.999303227258639
1.2,4.0,standard_dml,0.599830889894192,5.016486532816242
1.2,8.0,hard_fe,0.13177052660470126,1.5201684962446025
1.2,8.0,oracle_state,0.000806588081028875,0.9993032272586388
1.2,8.0,standard_dml,0.3526346318349071,17.05687467507663
1.2,16.0,hard_fe,0.12976183919848966,3.0875184043701296
1.2,16.0,oracle_state,0.000806588081028875,0.999303227258639
1.2,16.0,standard_dml,0.18443856996329897,65.20691982353607
1.2,32.0,hard_fe,0.08588811458581336,9.36144090454286
1.2,32.0,oracle_state,0.0008065880810290323,0.9993032272586388
1.2,32.0,standard_dml,0.09329727970691187,257.7840855762095
