city,frozen_screen,dg_sd,bias
Delhi,False,0.0,-0.0
Delhi,False,0.1,-0.00033377239281696524
Delhi,False,0.2,-0.0006675447856339305
Delhi,False,0.30000000000000004,-0.0010013171784508956
Delhi,False,0.4,-0.001335089571267861
Delhi,False,0.5,-0.0016688619640848259
Delhi,False,0.6000000000000001,-0.002002634356901791
Delhi,False,0.7000000000000001,-0.0023364067497187563
Delhi,False,0.8,-0.002670179142535722
Delhi,False,0.9,-0.003003951535352687
Delhi,False,1.0,-0.0033377239281696517
Delhi,False,1.1,-0.0036714963209866177
Delhi,False,1.2000000000000002,-0.004005268713803582
Delhi,False,1.3,-0.0043390411066205475
Delhi,False,1.4000000000000001,-0.004672813499437513
Delhi,False,1.5,-0.005006585892254478
Delhi,False,1.6,-0.005340358285071444
Delhi,False,1.7000000000000002,-0.005674130677888408
Delhi,False,1.8,-0.006007903070705374
Delhi,False,1.9000000000000001,-0.006341675463522338
Delhi,False,2.0,-0.0066754478563393034
Delhi,False,2.1,-0.0070092202491562694
Delhi,False,2.2,-0.007342992641973235
Delhi,False,2.3000000000000003,-0.0076767650347902006
Delhi,False,2.4000000000000004,-0.008010537427607165
Delhi,False,2.5,-0.008344309820424129
Delhi,False,2.6,-0.008678082213241095
Delhi,False,2.7,-0.009011854606058061
Delhi,False,2.8000000000000003,-0.009345626998875025
Delhi,False,2.9000000000000004,-0.009679399391691991
Delhi,False,3.0,-0.010013171784508956
Mumbai,False,0.0,-0.0
Mumbai,False,0.1,-0.008666270385895961
Mumbai,False,0.2,-0.017332540771791922
Mumbai,False,0.30000000000000004,-0.025998811157687884
Mumbai,False,0.4,-0.034665081543583845
Mumbai,False,0.5,-0.0433313519294798
Mumbai,False,0.6000000000000001,-0.05199762231537577
Mumbai,False,0.7000000000000001,-0.06066389270127173
Mumbai,False,0.8,-0.06933016308716769
Mumbai,False,0.9,-0.07799643347306365
Mumbai,False,1.0,-0.0866627038589596
Mumbai,False,1.1,-0.09532897424485556
Mumbai,False,1.2000000000000002,-0.10399524463075153
Mumbai,False,1.3,-0.11266151501664749
Mumbai,False,1.4000000000000001,-0.12132778540254346
Mumbai,False,1.5,-0.1299940557884394
Mumbai,False,1.6,-0.13866032617433538
Mumbai,False,1.7000000000000002,-0.14732659656023134
Mumbai,False,1.8,-0.1559928669461273
Mumbai,False,1.9000000000000001,-0.16465913733202328
Mumbai,False,2.0,-0.1733254077179192
Mumbai,False,2.1,-0.18199167810381514
Mumbai,False,2.2,-0.19065794848971113
Mumbai,False,2.3000000000000003,-0.19932421887560714
Mumbai,False,2.4000000000000004,-0.20799048926150307
Mumbai,False,2.5,-0.21665675964739903
Mumbai,False,2.6,-0.22532303003329499
Mumbai,False,2.7,-0.23398930041919097
Mumbai,False,2.8000000000000003,-0.24265557080508693
Mumbai,False,2.9000000000000004,-0.2513218411909829
Mumbai,False,3.0,-0.2599881115768788
Bengaluru,False,0.0,-0.0
Bengaluru,False,0.1,-0.0004112933055901239
Bengaluru,False,0.2,-0.0008225866111802478
Bengaluru,False,0.30000000000000004,-0.001233879916770372
Bengaluru,False,0.4,-0.0016451732223604957
Bengaluru,False,0.5,-0.0020564665279506197
Bengaluru,False,0.6000000000000001,-0.002467759833540744
Bengaluru,False,0.7000000000000001,-0.0028790531391308678
Bengaluru,False,0.8,-0.0032903464447209914
Bengaluru,False,0.9,-0.003701639750311116
Bengaluru,False,1.0,-0.004112933055901239
Bengaluru,False,1.1,-0.004524226361491364
Bengaluru,False,1.2000000000000002,-0.004935519667081488
Bengaluru,False,1.3,-0.005346812972671611
Bengaluru,False,1.4000000000000001,-0.0057581062782617355
Bengaluru,False,1.5,-0.006169399583851859
Bengaluru,False,1.6,-0.006580692889441983
Bengaluru,False,1.7000000000000002,-0.006991986195032107
Bengaluru,False,1.8,-0.007403279500622232
Bengaluru,False,1.9000000000000001,-0.007814572806212354
Bengaluru,False,2.0,-0.008225866111802479
Bengaluru,False,2.1,-0.008637159417392602
Bengaluru,False,2.2,-0.009048452722982728
Bengaluru,False,2.3000000000000003,-0.00945974602857285
Bengaluru,False,2.4000000000000004,-0.009871039334162977
Bengaluru,False,2.5,-0.0102823326397531
Bengaluru,False,2.6,-0.010693625945343222
Bengaluru,False,2.7,-0.011104919250933348
Bengaluru,False,2.8000000000000003,-0.011516212556523471
Bengaluru,False,2.9000000000000004,-0.011927505862113595
Bengaluru,False,3.0,-0.012338799167703718
Kolkata,False,0.0,0.0
Kolkata,False,0.1,0.02656614762807123
Kolkata,False,0.2,0.05313229525614246
Kolkata,False,0.30000000000000004,0.07969844288421371
Kolkata,False,0.4,0.10626459051228491
Kolkata,False,0.5,0.13283073814035612
Kolkata,False,0.6000000000000001,0.15939688576842742
Kolkata,False,0.7000000000000001,0.1859630333964986
Kolkata,False,0.8,0.21252918102456983
Kolkata,False,0.9,0.23909532865264105
Kolkata,False,1.0,0.26566147628071224
Kolkata,False,1.1,0.29222762390878354
Kolkata,False,1.2000000000000002,0.31879377153685484
Kolkata,False,1.3,0.345359919164926
Kolkata,False,1.4000000000000001,0.3719260667929972
Kolkata,False,1.5,0.3984922144210684
Kolkata,False,1.6,0.42505836204913966
Kolkata,False,1.7000000000000002,0.4516245096772109
Kolkata,False,1.8,0.4781906573052821
Kolkata,False,1.9000000000000001,0.5047568049333534
Kolkata,False,2.0,0.5313229525614245
Kolkata,False,2.1,0.5578891001894958
Kolkata,False,2.2,0.5844552478175671
Kolkata,False,2.3000000000000003,0.6110213954456383
Kolkata,False,2.4000000000000004,0.6375875430737097
Kolkata,False,2.5,0.6641536907017808
Kolkata,False,2.6,0.690719838329852
Kolkata,False,2.7,0.7172859859579231
Kolkata,False,2.8000000000000003,0.7438521335859944
Kolkata,False,2.9000000000000004,0.7704182812140659
Kolkata,False,3.0,0.7969844288421368
Delhi,True,0.0,-0.0
Delhi,True,0.1,-0.00033377239281696524
Delhi,True,0.2,-0.0006675447856339305
Delhi,True,0.30000000000000004,-0.0010013171784508956
Delhi,True,0.4,-0.001335089571267861
Delhi,True,0.5,-0.0016688619640848259
Delhi,True,0.6000000000000001,-0.002002634356901791
Delhi,True,0.7000000000000001,-0.0023364067497187563
Delhi,True,0.8,-0.002670179142535722
Delhi,True,0.9,-0.003003951535352687
Delhi,True,1.0,-0.0033377239281696517
Delhi,True,1.1,-0.0036714963209866177
Delhi,True,1.2000000000000002,-0.004005268713803582
Delhi,True,1.3,-0.0043390411066205475
Delhi,True,1.4000000000000001,-0.004672813499437513
Delhi,True,1.5,-0.005006585892254478
Delhi,True,1.6,-0.005340358285071444
Delhi,True,1.7000000000000002,-0.005674130677888408
Delhi,True,1.8,-0.006007903070705374
Delhi,True,1.9000000000000001,-0.006341675463522338
Delhi,True,2.0,-0.0066754478563393034
Delhi,True,2.1,-0.0070092202491562694
Delhi,True,2.2,-0.007342992641973235
Delhi,True,2.3000000000000003,-0.0076767650347902006
Delhi,True,2.4000000000000004,-0.008010537427607165
Delhi,True,2.5,-0.008344309820424129
Delhi,True,2.6,-0.008678082213241095
Delhi,True,2.7,-0.009011854606058061
Delhi,True,2.8000000000000003,-0.009345626998875025
Delhi,True,2.9000000000000004,-0.009679399391691991
Delhi,True,3.0,-0.010013171784508956
Mumbai,True,0.0,0.0
Mumbai,True,0.1,0.01577760580897632
Mumbai,True,0.2,0.03155521161795264
Mumbai,True,0.30000000000000004,0.04733281742692896
Mumbai,True,0.4,0.06311042323590528
Mumbai,True,0.5,0.0788880290448816
Mumbai,True,0.6000000000000001,0.09466563485385791
Mumbai,True,0.7000000000000001,0.11044324066283424
Mumbai,True,0.8,0.12622084647181056
Mumbai,True,0.9,0.14199845228078686
Mumbai,True,1.0,0.1577760580897632
Mumbai,True,1.1,0.17355366389873952
Mumbai,True,1.2000000000000002,0.18933126970771583
Mumbai,True,1.3,0.20510887551669219
Mumbai,True,1.4000000000000001,0.2208864813256685
Mumbai,True,1.5,0.2366640871346448
Mumbai,True,1.6,0.2524416929436211
Mumbai,True,1.7000000000000002,0.2682192987525974
Mumbai,True,1.8,0.2839969045615737
Mumbai,True,1.9000000000000001,0.2997745103705501
Mumbai,True,2.0,0.3155521161795264
Mumbai,True,2.1,0.33132972198850275
Mumbai,True,2.2,0.34710732779747905
Mumbai,True,2.3000000000000003,0.36288493360645535
Mumbai,True,2.4000000000000004,0.37866253941543165
Mumbai,True,2.5,0.39444014522440796
Mumbai,True,2.6,0.41021775103338437
Mumbai,True,2.7,0.4259953568423607
Mumbai,True,2.8000000000000003,0.441772962651337
Mumbai,True,2.9000000000000004,0.4575505684603133
Mumbai,True,3.0,0.4733281742692896
Bengaluru,True,0.0,-0.0
Bengaluru,True,0.1,-0.00022917932394898673
Bengaluru,True,0.2,-0.00045835864789797346
Bengaluru,True,0.30000000000000004,-0.0006875379718469603
Bengaluru,True,0.4,-0.0009167172957959469
Bengaluru,True,0.5,-0.0011458966197449335
Bengaluru,True,0.6000000000000001,-0.0013750759436939207
Bengaluru,True,0.7000000000000001,-0.0016042552676429071
Bengaluru,True,0.8,-0.0018334345915918939
Bengaluru,True,0.9,-0.0020626139155408806
Bengaluru,True,1.0,-0.002291793239489867
Bengaluru,True,1.1,-0.002520972563438854
Bengaluru,True,1.2000000000000002,-0.0027501518873878413
Bengaluru,True,1.3,-0.0029793312113368274
Bengaluru,True,1.4000000000000001,-0.0032085105352858143
Bengaluru,True,1.5,-0.0034376898592348008
Bengaluru,True,1.6,-0.0036668691831837877
Bengaluru,True,1.7000000000000002,-0.0038960485071327746
Bengaluru,True,1.8,-0.004125227831081761
Bengaluru,True,1.9000000000000001,-0.004354407155030748
Bengaluru,True,2.0,-0.004583586478979734
Bengaluru,True,2.1,-0.004812765802928722
Bengaluru,True,2.2,-0.005041945126877708
Bengaluru,True,2.3000000000000003,-0.005271124450826695
Bengaluru,True,2.4000000000000004,-0.005500303774775683
Bengaluru,True,2.5,-0.005729483098724667
Bengaluru,True,2.6,-0.005958662422673655
Bengaluru,True,2.7,-0.006187841746622642
Bengaluru,True,2.8000000000000003,-0.006417021070571629
Bengaluru,True,2.9000000000000004,-0.0066462003945206155
Bengaluru,True,3.0,-0.0068753797184696016
Kolkata,True,0.0,0.0
Kolkata,True,0.1,0.027885398764359706
Kolkata,True,0.2,0.05577079752871941
Kolkata,True,0.30000000000000004,0.08365619629307913
Kolkata,True,0.4,0.11154159505743882
Kolkata,True,0.5,0.13942699382179852
Kolkata,True,0.6000000000000001,0.16731239258615827
Kolkata,True,0.7000000000000001,0.19519779135051796
Kolkata,True,0.8,0.22308319011487765
Kolkata,True,0.9,0.25096858887923734
Kolkata,True,1.0,0.27885398764359703
Kolkata,True,1.1,0.3067393864079568
Kolkata,True,1.2000000000000002,0.33462478517231653
Kolkata,True,1.3,0.3625101839366762
Kolkata,True,1.4000000000000001,0.3903955827010359
Kolkata,True,1.5,0.4182809814653956
Kolkata,True,1.6,0.4461663802297553
Kolkata,True,1.7000000000000002,0.47405177899411505
Kolkata,True,1.8,0.5019371777584747
Kolkata,True,1.9000000000000001,0.5298225765228345
Kolkata,True,2.0,0.5577079752871941
Kolkata,True,2.1,0.5855933740515539
Kolkata,True,2.2,0.6134787728159136
Kolkata,True,2.3000000000000003,0.6413641715802731
Kolkata,True,2.4000000000000004,0.6692495703446331
Kolkata,True,2.5,0.6971349691089925
Kolkata,True,2.6,0.7250203678733524
Kolkata,True,2.7,0.752905766637712
Kolkata,True,2.8000000000000003,0.7807911654020718
Kolkata,True,2.9000000000000004,0.8086765641664315
Kolkata,True,3.0,0.8365619629307912
