design,rep,pooled,envreg,b_hat,k_range
b_const,1,0.29743169035228734,-0.05773998944621883,4.231080469797072,0.0941127058665493
b_const,0,0.29561952416295734,0.01682277329810966,3.3216369599708946,0.10426109070662844
b_const,2,0.30234136746395945,0.0310697007747871,3.1947830500484296,0.10763783213631381
b_const,3,0.3120339497936191,0.06999932216025528,2.8983631558312606,0.1027303538383455
b_const,4,0.30698545736893856,-0.0001255993280762091,3.6775518841311796,0.10960121180404372
b_const,5,0.30302568101569705,0.06292024987503941,2.835266052674746,0.11154343638373838
b_const,7,0.3151806224984415,0.07676354780384576,2.737977233044518,0.11637806729950688
b_const,6,0.30552484089023335,0.021007000568166623,3.504737759343852,0.09653933587312294
b_const,8,0.3166667438349693,0.036947070951109495,3.295809504976239,0.10978505080754078
b_const,9,0.3098849476902963,0.04177557798356757,3.3383435845917226,0.1036759290774189
b_const,10,0.29130848759856764,0.019537635876168524,3.3935923398728813,0.09833591026759854
b_const,11,0.2933664034574115,0.021490059572520703,3.2921973313130226,0.09300482825024489
b_random,0,0.30094685380948283,0.02741513506486859,3.2589083763997038,0.10426109070662844
b_random,1,0.3167073873262036,-0.10254891011205247,4.994506129927924,0.0941127058665493
b_random,2,0.31318387954578175,-0.01922842045484585,3.914840037041018,0.10763783213631381
b_random,3,0.29223764823114307,0.02354213309696429,3.2176271173135724,0.1027303538383455
b_random,5,0.32229144755263883,-0.0017838459031321863,3.826817551275981,0.11154343638373838
b_random,4,0.2796073591056347,0.057066836138851995,2.6648481117351617,0.10960121180404372
b_random,6,0.36721748134176724,-0.034655524683032346,4.9503380775061245,0.09653933587312294
b_random,7,0.2919167046380271,0.05355614508116924,2.737328214258224,0.11637806729950688
b_random,8,0.29356294550520334,-0.057620647957223325,4.137836332325994,0.10978505080754078
b_random,9,0.30259210009801585,0.045547416335276036,3.2005724825334774,0.1036759290774189
b_random,10,0.3042006061192206,-0.044549113886063196,4.3548245547379265,0.09833591026759854
b_random,11,0.28980939270954487,0.06453957818469758,2.7278308646010028,0.09300482825024489
b_corr_with_a,0,0.35142556173785566,-0.15084896156291983,5.984193199785152,0.10426109070662844
b_corr_with_a,1,0.3594696994080364,-0.22800442496568418,6.998447329919233,0.0941127058665493
b_corr_with_a,2,0.3555644075665789,-0.17713548357553233,6.273639277387129,0.10763783213631381
b_corr_with_a,3,0.36254168150173305,-0.11685739491581704,5.740800949081342,0.1027303538383455
b_corr_with_a,4,0.36567466937460313,-0.14421330255969678,6.105737422969955,0.10960121180404372
b_corr_with_a,5,0.3559589387475337,-0.11407220130645435,5.550325658041384,0.11154343638373838
b_corr_with_a,6,0.3623152612515863,-0.17432377750093242,6.6104083319518665,0.09653933587312294
b_corr_with_a,7,0.3661215143392986,-0.08498481823627979,5.180496698301854,0.11637806729950688
b_corr_with_a,8,0.3731376344322279,-0.09707620072129308,5.54031545687442,0.10978505080754078
b_corr_with_a,9,0.36509879444043447,-0.13351551089769909,6.208458396034346,0.1036759290774189
b_corr_with_a,10,0.3447433541350795,-0.137773756035942,6.025172893105442,0.09833591026759854
b_corr_with_a,11,0.349327617013625,-0.1396641726379404,5.921285544454939,0.09300482825024489
