noise,K,d2_min,rho,v,tau
gauss,2,6.25,0.9,0.056241392891264216,0.5624139289126423
gauss,2,6.25,0.95,0.028244187712619467,0.5648837542523888
gauss,2,10.889999999999999,0.9,0.024292689166628002,0.24292689166628006
gauss,2,10.889999999999999,0.95,0.011483208895592829,0.22966417791185637
gauss,2,16.81,0.9,0.009743675363610243,0.09743675363610245
gauss,2,16.81,0.95,0.004578621189385142,0.09157242378770275
gauss,3,6.25,0.9,0.02372355141101882,0.23723551411018823
gauss,3,6.25,0.95,0.010967093052019306,0.21934186104038592
gauss,3,10.889999999999999,0.9,0.009930383253898594,0.09930383253898596
gauss,3,10.889999999999999,0.95,0.004306669484563228,0.08613338969126448
gauss,3,16.81,0.9,0.0039011132073979334,0.03901113207397934
gauss,3,16.81,0.95,0.0016943153681261082,0.033886307362522135
t5,2,6.25,0.9,0.05182686398871665,0.5182686398871666
t5,2,6.25,0.95,0.026761096614149216,0.5352219322829839
t5,2,10.889999999999999,0.9,0.026939545008029614,0.2693954500802962
t5,2,10.889999999999999,0.95,0.013554010645383516,0.2710802129076701
t5,2,16.81,0.9,0.014744519310960616,0.1474451931096062
t5,2,16.81,0.95,0.007630991742354298,0.15261983484708583
t5,3,6.25,0.9,0.02282286852397674,0.22822868523976744
t5,3,6.25,0.95,0.010671245975264925,0.21342491950529832
t5,3,10.889999999999999,0.9,0.011539412303958455,0.11539412303958457
t5,3,10.889999999999999,0.95,0.005191255508892437,0.10382511017784865
t5,3,16.81,0.9,0.006221708575252206,0.06221708575252208
t5,3,16.81,0.95,0.0027985660322275693,0.055971320644551334
