d2,rho,v,formula,ratio
2.76,0.9,0.0651362714736513,0.06802740740445619,1.0443859598560905
2.76,0.95,0.036515396307731644,0.034013703702228136,0.931489375483683
2.76,0.97,0.02285562265652912,0.020408222221336883,0.8929191091412646
6.21,0.9,0.02845546918424173,0.029464777470574674,1.0354697467751433
6.21,0.95,0.014403067326368584,0.014732388735287354,1.0228646719102577
6.21,0.97,0.008446700491431104,0.008839433241172413,1.0464954037543681
11.04,0.9,0.011844635528321478,0.012082564867996111,1.0200875188692573
11.04,0.95,0.005692057888557054,0.0060412824339980626,1.061352950422916
11.04,0.97,0.0032750845623386576,0.0036247694603988375,1.1067712577810445
17.25,0.9,0.004556225834563896,0.004447623649364935,0.9761640030274408
17.25,0.95,0.0021126840777844144,0.0022238118246824695,1.0526002671514405
17.25,0.97,0.0012511246970172212,0.0013342870948094819,1.0664701112451271
24.84,0.9,0.0015180566468348505,0.0014351916371832497,0.9454137565786004
24.84,0.95,0.000729844608467224,0.0007175958185916257,0.9832172633277069
24.84,0.97,0.00044141135789905247,0.0004305574911549754,0.9754109935101415
