d,c_nn,limit,rel_gap,series
2,0.7412642741253935,1.2533141373155001,0.40855668020060554,1.2337005501361697
3,0.9113245178962158,1.2533141373155001,0.2728682372894947,0.5483113556160755
4,1.0137402035920955,1.2533141373155001,0.19115234288871352,0.30842513753404244
5,1.078355116664551,1.2533141373155001,0.1395971013505819,0.19739208802178715
6,1.1210048699575983,1.2533141373155001,0.10556752167600836,0.13707783890401887
8,1.1711430823918052,1.2533141373155001,0.06556301606850046,0.07710628438351061
12,1.213189144411615,1.2533141373155001,0.032015112340334495,0.03426945972600472
20,1.2388906181866666,1.2533141373155001,0.011508303225341132,0.012337005501361697
40,1.2500568280719384,1.2533141373155001,0.0025989567551983894,0.003084251375340424
