scen,dT,dg,dz,c,rep,v_hat,law,bias_dml,bias_joint,bias_prox,se_prox
base,1,3.0,0.5,2.0,1,0.05637343611720291,0.16009519225817137,0.13768754905373903,-0.0033786535743177692,0.01214288760692317,0.03491139851702388
base,1,3.0,0.5,2.0,0,0.06219114526754955,0.17564958683180668,0.1911553236773027,-0.007092918852224739,-0.027548177579188482,0.03482757861228856
base,1,3.0,0.5,2.0,2,0.05999575848709595,0.1697999959152468,0.17628653957947749,-0.019739213444786796,-0.03402377190064554,0.03435353789467331
base,1,3.0,0.5,2.0,3,0.058470067943869185,0.1657205141117978,0.17216288937357316,0.031147867468100277,-0.0013064143046027654,0.03250116595871709
base,1,3.0,0.5,2.0,4,0.063094580110098,0.17804976515889215,0.22413426008664183,0.020831341008677784,0.00838882448357281,0.03474239409260439
base,1,3.0,0.5,2.0,6,0.06586868592308145,0.1853943739777947,0.2234144100215647,-0.005034171982424729,0.007504715830296327,0.03638133611501938
base,1,3.0,0.5,2.0,5,0.0621083500745888,0.17542941848699461,0.21403550071161748,0.012510861139999552,-0.01262538519072487,0.03379793397321239
base,1,3.0,0.5,2.0,7,0.05918631736965861,0.16763712785671053,0.21665855169881842,0.013979576483162726,-0.02563316764097512,0.035759418228574175
base,1,3.0,0.5,2.0,8,0.06025986367026666,0.1705049839244138,0.14081289004595576,-0.02964172839900414,-0.021027860594835968,0.03450833341313406
base,1,3.0,0.5,2.0,9,0.059277377526685625,0.1678806102659139,0.24024727118439593,0.0365310110602628,0.018442110596692096,0.03379414701176633
base,1,3.0,0.5,2.0,10,0.059826888534275376,0.16934903949365276,0.18375611706278416,-0.02019815578083295,-0.02123545493989143,0.034932036668880236
base,1,3.0,0.5,2.0,11,0.06796305159331047,0.19091405313671297,0.22192243332522632,0.015307437144369107,0.010881116298832483,0.035755234530839036
base,4,3.0,0.5,2.0,0,0.05695119298885046,0.3575803110281594,0.37054978441612363,0.022168924148869396,0.0038703289062460566,0.048614890185722126
base,4,3.0,0.5,2.0,1,0.06265962463114828,0.37547826315281,0.39427450023691213,-0.009633354884037937,-0.045378094462240726,0.06135939816230822
base,4,3.0,0.5,2.0,2,0.058449972569084574,0.3624430704337217,0.3931442243396597,0.013591117977726386,-0.04691514491506721,0.059708351400647154
base,4,3.0,0.5,2.0,3,0.06576824732858105,0.38455491927069313,0.4252559902091735,0.005958437434098407,0.03762817831735599,0.05444561689488295
base,4,3.0,0.5,2.0,4,0.06596430184153483,0.38511263963570247,0.42663318733213895,0.024222675251952763,0.0625511081215544,0.049353297754136626
base,4,3.0,0.5,2.0,5,0.0667272219903203,0.38726682909339993,0.40954160873546575,0.013286817744691648,0.049806361655903464,0.04883038771980073
base,4,3.0,0.5,2.0,6,0.0610170430032623,0.3704977154548466,0.39263269535531076,0.015272998271455895,0.05429249754834653,0.043203622342811936
base,4,3.0,0.5,2.0,7,0.06377196537372892,0.37877745775744126,0.38835032187563545,0.014064158048372466,-0.004550166112426202,0.0531096744417119
base,4,3.0,0.5,2.0,8,0.06059237203938752,0.36918842554272346,0.40065293105032507,-0.012842817499820414,0.10477487242973393,0.038838163033831294
base,4,3.0,0.5,2.0,9,0.052474742824483465,0.3423017625570358,0.4058011106769783,0.032150996784872765,0.09563890810279041,0.040637011358954506
base,4,3.0,0.5,2.0,10,0.061312595164497455,0.3714036226466148,0.39131143244291855,-0.02534436002014273,0.004566170379112,0.04999626548196821
base,4,3.0,0.5,2.0,11,0.06403211128284257,0.37954067924134816,0.3568093127612679,-0.044782819447303224,-0.055196375533228204,0.05390039347653735
nonlinX,1,3.0,0.5,2.0,1,0.061965277543941016,0.17504888018726322,0.2037966619658378,0.0008101347110656132,0.020691845245646823,0.03449305981362417
nonlinX,1,3.0,0.5,2.0,0,0.05850013433259424,0.16580102099697822,0.13792980151159795,0.011038808989378035,0.014470152093916111,0.032821927471710546
nonlinX,1,3.0,0.5,2.0,2,0.06424564271975214,0.18110191897681072,0.16068046020959503,-0.03437832031105048,-0.006010553260071938,0.033508437147807345
nonlinX,1,3.0,0.5,2.0,3,0.06702270833666805,0.18843846849655135,0.12465314424477336,-0.018150507770473,-0.08077025825429485,0.036619691612452314
nonlinX,1,3.0,0.5,2.0,4,0.06264216001380411,0.1768483193241374,0.16429199864072097,0.007084223966828951,-0.04280912004376014,0.03343836136706363
nonlinX,1,3.0,0.5,2.0,5,0.05970675970766139,0.16902815564977391,0.17196490920465957,0.004061223016049276,0.04536600093733156,0.03226887909444746
nonlinX,1,3.0,0.5,2.0,6,0.060643960971885603,0.17152964577194182,0.1248329369571175,-0.02200883697104239,-0.012327246580350226,0.03396742729583721
nonlinX,1,3.0,0.5,2.0,7,0.06547444800869671,0.1843529372226549,0.20491396519430993,0.005145651770076087,0.030686957986855612,0.03412730804647285
nonlinX,1,3.0,0.5,2.0,9,0.0695042599699877,0.19496208450428643,0.15014752372933016,-0.010042391056088285,0.03269580577598097,0.031164543478984612
nonlinX,1,3.0,0.5,2.0,8,0.06920984674167276,0.19418970079423778,0.1682583373320381,-0.004322799686508949,-0.05216215313624961,0.03582912377950197
nonlinX,1,3.0,0.5,2.0,10,0.05584188226054061,0.15866546837766288,0.17436565725157904,0.0010916625473098573,-0.006963876484322951,0.03444195717324214
nonlinX,1,3.0,0.5,2.0,11,0.06477503340995791,0.18250343418322337,0.17742969408161136,-0.01651745048493547,0.005850568745798368,0.03425773599024232
nonlinX,4,3.0,0.5,2.0,1,0.0627083022562067,0.3756238671451488,0.382726196688167,0.034655561120110256,-0.04349404486169972,0.05732719358151644
nonlinX,4,3.0,0.5,2.0,0,0.06363514788116388,0.37837479649873257,0.40149159304059445,-0.008611159597910811,-0.07452631544485133,0.06560668268134336
nonlinX,4,3.0,0.5,2.0,2,0.058464373994281754,0.3624892110613007,0.367219610741641,0.0029574958526918937,-0.018653788190649334,0.048493241137203526
nonlinX,4,3.0,0.5,2.0,3,0.06194842506859135,0.37333794120605185,0.3983144899565487,-0.003146591852084768,-0.05509020597980441,0.06213685839634606
nonlinX,4,3.0,0.5,2.0,4,0.06089853919445086,0.37013326651999834,0.3881119784219471,0.009889355161410984,-0.008922048493942625,0.052482499036905376
nonlinX,4,3.0,0.5,2.0,5,0.06220500896845721,0.3741129334920578,0.3737541747151001,0.0013369855884859394,-0.03290225853868445,0.05275452933687713
nonlinX,4,3.0,0.5,2.0,6,0.060459998841663094,0.36877846095004085,0.3765101027053481,-0.008395804267439244,0.01576940284781747,0.0468515377950541
nonlinX,4,3.0,0.5,2.0,7,0.05752416437854192,0.359453644249821,0.33027376285514487,-0.009588900432457859,-0.0507323822701512,0.05000323507397494
nonlinX,4,3.0,0.5,2.0,8,0.05437409628221491,0.3489273800516812,0.3476366557584114,-0.014499012778298237,0.010513532859190544,0.04586510377284698
nonlinX,4,3.0,0.5,2.0,9,0.06390148058404302,0.37915782486556154,0.3722657835411096,0.009282359209030977,-0.048065334799704984,0.0559057555934984
nonlinX,4,3.0,0.5,2.0,10,0.05165405264812377,0.33937068888398825,0.3956044787507842,-0.017552758108019928,0.045714123016325825,0.04743477595679216
nonlinX,4,3.0,0.5,2.0,11,0.05254826271397989,0.3425622960814682,0.34003509416983135,0.001481014969497707,-0.157983844314445,0.07001066526844958
K3true,1,3.0,0.5,2.0,0,0.05464370845062355,0.1554374468252428,0.3808194788062489,-0.0373171781641668,-0.07709750495470846,0.04837786506293181
K3true,1,3.0,0.5,2.0,1,0.06317180164568685,0.1782547323430786,0.5280841924063258,0.01823593388161604,0.07419691992757493,0.04686114095871493
K3true,1,3.0,0.5,2.0,2,0.05100064985576906,0.14557740719599357,0.469312177293304,0.029600535215799084,0.03538294212523607,0.042945287388324586
K3true,1,3.0,0.5,2.0,3,0.06659169019875402,0.18730229424442169,0.4294532715076893,0.034316558482024195,-0.002634274434793471,0.04193897135080821
K3true,1,3.0,0.5,2.0,4,0.06145326628918806,0.17368621372477477,0.46573165737022837,-0.01675879187457252,0.02173926730954423,0.04767407052452621
K3true,1,3.0,0.5,2.0,5,0.06011994328768761,0.1701315318186766,0.49202154411930166,-0.008462130881765617,-0.06332017378750954,0.05794380404110919
K3true,1,3.0,0.5,2.0,6,0.06439620101160826,0.181500650651719,0.45524677603975716,-0.03239260505720276,-0.062114337542210074,0.05620316206820483
K3true,1,3.0,0.5,2.0,7,0.06992813043593034,0.19607334861110412,0.46410244244305665,-0.023815036801804523,-0.02433605199295641,0.04663681427015543
K3true,1,3.0,0.5,2.0,8,0.06076537830085973,0.17185339815160844,0.4585917518604312,-0.015058841728210925,-0.018347185854622028,0.04553902652534941
K3true,1,3.0,0.5,2.0,10,0.06091144098115264,0.17224276776057904,0.4673809764602612,-0.006211635577690555,-0.051253159438085505,0.051809030852368015
K3true,1,3.0,0.5,2.0,9,0.0653327000913103,0.18397830110455804,0.47191800474921974,-0.008763861866534883,0.002552719896357747,0.04560527900194358
K3true,1,3.0,0.5,2.0,11,0.06489142322287673,0.18281137909764703,0.4904423495327268,0.020875938347160172,0.005900385606212977,0.0530845031945068
K3true,4,3.0,0.5,2.0,0,0.05681282048880873,0.3571252040815114,0.5619347475050034,-0.001678665253338485,0.04834088237941425,0.14928261521002156
K3true,4,3.0,0.5,2.0,1,0.05507778991149083,0.3513277674696374,0.5589693141344914,-0.0029613424111419873,0.1004129515884058,0.1007767118033488
K3true,4,3.0,0.5,2.0,2,0.07569893942974089,0.41081505260877327,0.5740511548070788,-0.00857788492829159,-0.39149853078805563,0.46612563411819685
K3true,4,3.0,0.5,2.0,3,0.05718163737842576,0.3583359066037489,0.5704689962677596,0.0060327107490110166,0.1569648027759143,0.10769444787412247
K3true,4,3.0,0.5,2.0,4,0.07231288303784478,0.4022958418829956,0.5791948819094586,0.011554692108958431,0.10030837001930926,0.09684425409036829
K3true,4,3.0,0.5,2.0,5,0.06403662287184683,0.37955388775094906,0.5602275783797719,-0.02743260798221203,0.16261062277466887,0.09705371450061735
K3true,4,3.0,0.5,2.0,6,0.06364834618487068,0.378413677882827,0.5549744193800545,-0.0006864730393646434,0.06714142997765338,0.11518430141252006
K3true,4,3.0,0.5,2.0,7,0.08155260468588511,0.42459803936059615,0.557969905754284,-0.0009760043110038641,0.00424798889461675,0.12943642821694712
K3true,4,3.0,0.5,2.0,8,0.07747584518308144,0.4151207932433641,0.5539318970603917,0.009720154412915516,0.1358532080482795,0.08948327202273942
K3true,4,3.0,0.5,2.0,9,0.06502946949035777,0.38243789700274644,0.5761902869958708,0.01746374798759387,0.13618462366840767,0.09931562206149733
K3true,4,3.0,0.5,2.0,10,0.06384609113718932,0.3789952496504059,0.5708085416556725,0.009382791715212724,0.09432105979569716,0.1197626003394341
K3true,4,3.0,0.5,2.0,11,0.06108619035328659,0.3707100496746283,0.5606508242704429,0.004567340835348821,0.1403935349029526,0.07764753695979824
heavyZ,1,3.0,0.5,2.0,0,0.041800379250974865,0.12036964110445467,0.12304311371987398,-0.006980674819014099,0.014327662790672546,0.03231157488934169
heavyZ,1,3.0,0.5,2.0,1,0.044449975667850763,0.1276747858778824,0.13184219859642776,0.00043386024602765083,0.009960187296309098,0.03377191945223051
heavyZ,1,3.0,0.5,2.0,2,0.04331771577181581,0.1245575967425339,0.17471705679790217,0.028884840499507236,0.005179523296753752,0.0353096408794048
heavyZ,1,3.0,0.5,2.0,3,0.052744338276107326,0.15030526318235263,0.18750291443550737,0.0226229051458553,-0.03449152002779354,0.03555506251413992
heavyZ,1,3.0,0.5,2.0,4,0.044603595554185596,0.12809719134804162,0.12764541638157345,-0.005419880532750332,-0.04162736207200923,0.03537193717599636
heavyZ,1,3.0,0.5,2.0,5,0.042663657983677925,0.12275384585528286,0.11173013318044589,-0.02255977471642301,-0.00679335837349071,0.03265370196976243
heavyZ,1,3.0,0.5,2.0,6,0.05193718212080612,0.14811867952826552,0.1316014464964561,0.003713642305859688,-0.0016827294876814447,0.03466643849017769
heavyZ,1,3.0,0.5,2.0,8,0.05610793014583874,0.15938123901244852,0.16489420628904417,0.03433787257219856,0.006020034728728252,0.03519688316144004
heavyZ,1,3.0,0.5,2.0,7,0.05466966317603722,0.15550744963519117,0.20642010208456107,0.052351024309474914,0.06565794155487348,0.03394501903754219
heavyZ,1,3.0,0.5,2.0,10,0.050202237856011446,0.14340734397547852,0.15867714905382324,0.008273787245787867,-0.06131286573419903,0.03711044018135088
heavyZ,1,3.0,0.5,2.0,9,0.05208670888480053,0.14852400028894527,0.1530361491851726,0.0024914411969365613,-0.014310618807318543,0.0344485541786247
heavyZ,4,3.0,0.5,2.0,0,0.047365165577216414,0.3233406512089139,0.3422873241112634,-0.0025929008066314374,-0.03238641284228494,0.04995295218787158
heavyZ,1,3.0,0.5,2.0,11,0.04827526683974956,0.13815626973233577,0.16807083716688376,0.011467898754358163,0.07500686987138638,0.034978301904491714
heavyZ,4,3.0,0.5,2.0,2,0.04498310298036977,0.31388493911865345,0.34165520322015985,0.003390183980354733,-0.015918752108720513,0.04865735989985619
heavyZ,4,3.0,0.5,2.0,1,0.04535517184193364,0.31538940878331445,0.2998916210308382,-0.012068780014033997,-0.03794671888030299,0.04804073299556307
heavyZ,4,3.0,0.5,2.0,4,0.04170964284060387,0.3001855805062236,0.287262216252963,-0.010997332076429611,-0.016023196495045133,0.04392667004298384
heavyZ,4,3.0,0.5,2.0,3,0.04526222301494997,0.3150145413806378,0.36963747041765393,-0.012603679552050773,0.01260933813171139,0.048636486579126066
heavyZ,4,3.0,0.5,2.0,5,0.03704506239514331,0.27910773400362066,0.2919609333797615,0.0030157062948219515,-0.05553375171095287,0.048141095438156964
heavyZ,4,3.0,0.5,2.0,6,0.04350908097189295,0.30782090015073005,0.31976654556674045,0.030422252786204584,-0.0652973490805967,0.053529854482553575
heavyZ,4,3.0,0.5,2.0,7,0.044053633791499146,0.31008069990626924,0.27589667382908356,-0.025633416084947402,-0.03959739312365096,0.04700522273451261
heavyZ,4,3.0,0.5,2.0,8,0.057231835291767404,0.3585001128916709,0.3486729152789758,0.00523325195065083,-0.059758330673827964,0.05527114559374825
heavyZ,4,3.0,0.5,2.0,9,0.0516521022237983,0.33936367279421376,0.3497469649062488,0.009218795130955026,-0.03667122951113777,0.04989938119010948
heavyZ,4,3.0,0.5,2.0,10,0.041223782786063805,0.29807857233010526,0.276330658831738,-0.009872708586427081,-0.03139760957636939,0.04535362644517763
heavyZ,4,3.0,0.5,2.0,11,0.052138565065655486,0.3411061868826265,0.3183937326075901,-0.005596994771201125,-0.09135476593389336,0.05708929271182076
hetero,1,3.0,0.5,2.0,0,0.06988160921981766,0.19595142663713122,0.28112987006002865,-0.001235052494558353,0.016064461221143578,0.043519600351256925
hetero,1,3.0,0.5,2.0,1,0.061483505658904564,0.1737667292929041,0.24546146822280557,0.01585350419810516,-0.06746753346246726,0.04700786284192091
hetero,1,3.0,0.5,2.0,2,0.059787351717776716,0.16924343818843252,0.2376686840472939,-0.010947556349649057,-0.03981103867951363,0.0412380768496511
hetero,1,3.0,0.5,2.0,3,0.07079186192049464,0.19833507641772927,0.2672408638879229,-0.00567431857665146,-0.052672620264539116,0.04491383068372386
hetero,1,3.0,0.5,2.0,4,0.06051112143089591,0.17117535179428728,0.21994075762637366,-0.03365718926204253,-0.09796972126180226,0.045551267845523755
hetero,1,3.0,0.5,2.0,5,0.06369180976366269,0.1796342018779315,0.30697528047196254,0.024949156279008733,-0.015052679028541904,0.04510655001028906
hetero,1,3.0,0.5,2.0,6,0.06866624888161259,0.19276247084664727,0.27648437755588895,-0.030152987307864088,-0.0561754790970701,0.045690635051706605
hetero,1,3.0,0.5,2.0,7,0.054468463307737476,0.15496470080350236,0.25169140296281167,-0.0033456176872899146,-0.07585178988574248,0.044239886394729366
hetero,1,3.0,0.5,2.0,8,0.06337912215650698,0.17880487072562323,0.24003002969842813,0.0015199409982888934,0.07741748973750084,0.039062275801284296
hetero,1,3.0,0.5,2.0,9,0.06801486255951915,0.1910503260128426,0.24403423350431974,-0.0653627839313553,-0.02197948166655217,0.04269389773244777
hetero,1,3.0,0.5,2.0,10,0.060244618169600715,0.17046429796627485,0.27827056882751666,0.018659026703158332,0.04310184072164591,0.03962115823763857
hetero,4,3.0,0.5,2.0,0,0.05644005083413271,0.35589389636826946,0.6386839749654802,0.024121644353762628,-0.024873747025967896,0.08150735861556607
hetero,1,3.0,0.5,2.0,11,0.06431082461794635,0.18127455757400163,0.27277524642713824,0.007835233476884529,0.06691573289979247,0.03967037492102643
hetero,4,3.0,0.5,2.0,1,0.06977355153602968,0.3956207650307792,0.6928074736869045,-4.258302556103821e-05,-0.006857044121353573,0.08198202453860855
hetero,4,3.0,0.5,2.0,2,0.058201403513477655,0.3616449466574273,0.6623455698879606,0.00063565475668792,0.0405897555201542,0.07856621788666825
hetero,4,3.0,0.5,2.0,3,0.06016808086933973,0.3678712533219702,0.628537947562221,-0.03629932480774678,-0.03904142990975212,0.08392675632137325
hetero,4,3.0,0.5,2.0,4,0.06162289834270301,0.3723501011829562,0.6418883717568884,0.025462229936735525,0.16136875147085283,0.0575872619193436
hetero,4,3.0,0.5,2.0,5,0.061074030395513575,0.37067272670502927,0.6995412904314335,0.0041124563409487,0.01568627403047307,0.08163536585580637
hetero,4,3.0,0.5,2.0,6,0.06727372810341023,0.388794379378177,0.6703145983656333,-0.023643343628362512,0.044111834903813874,0.07344745658056427
hetero,4,3.0,0.5,2.0,7,0.05922342514310195,0.3649056769895174,0.6416783965053765,0.03395210825872508,-0.053902162889601035,0.09426643986650612
hetero,4,3.0,0.5,2.0,8,0.06000843524600176,0.3673732861261908,0.633598459408282,0.021638308609416512,-0.03886939424621749,0.08993522182657497
hetero,4,3.0,0.5,2.0,9,0.06588424055160631,0.38488509338373383,0.6402379170223298,-0.043649011154257344,-0.17409331785755766,0.09879975049406113
hetero,4,3.0,0.5,2.0,10,0.06676999792862125,0.38738685889139657,0.6902924506518024,-0.01583206088256528,-0.06389389608089568,0.09395229234371996
hetero,4,3.0,0.5,2.0,11,0.060735834242216624,0.3696317387046005,0.6824978335256875,-0.009433294236874001,0.03621455559073494,0.0809962258556973
leakW,1,3.0,0.5,2.0,0,0.061432274426590265,0.17363031793934483,0.23730224390221855,0.03263241481364032,-0.46244310527943444,0.04577247447088543
leakW,1,3.0,0.5,2.0,1,0.054398405226590736,0.15477566626696623,0.1852176596213071,0.008722585286357942,-0.4309707323229711,0.04355283284629956
leakW,1,3.0,0.5,2.0,2,0.06199120680913445,0.17511785336357058,0.19313930140602475,-0.03139676379316858,-0.4508200805908802,0.041848902153453764
leakW,1,3.0,0.5,2.0,3,0.07087400728207513,0.1985499885143999,0.21966674212412363,-0.0008900707408632247,-0.4083911159351816,0.04006088981688822
leakW,1,3.0,0.5,2.0,4,0.06317645972329075,0.1782670952093883,0.2406081931087518,0.051550322437025065,-0.4370976877657061,0.041627904598994285
leakW,1,3.0,0.5,2.0,5,0.05578693943724207,0.1585176062141224,0.18550096556399098,-0.001517600297547661,-0.37186681144571887,0.03793279669347174
leakW,1,3.0,0.5,2.0,6,0.06307064374155849,0.17798622541088108,0.18020575105839542,-0.0028565130533775296,-0.4763441323048324,0.04418042525262931
leakW,1,3.0,0.5,2.0,7,0.051128240846241395,0.14592389070931758,0.1174411342724111,-0.03419171738636739,-0.531840439151833,0.0408202112059217
leakW,1,3.0,0.5,2.0,8,0.06684815406835712,0.18797844982934814,0.21423406077706342,-0.012315106377006613,-0.4689359922200761,0.04582904593186588
leakW,1,3.0,0.5,2.0,9,0.06805947799327432,0.1911676626506269,0.24069558007072844,0.012216540866252457,-0.46103288694715605,0.043907786387086443
leakW,1,3.0,0.5,2.0,11,0.06275649771340268,0.17715205086516375,0.2551540972993904,0.039247385759037634,-0.41372181387382234,0.04261928883267634
leakW,1,3.0,0.5,2.0,10,0.06629390646245173,0.1865167925859835,0.23351429869543217,0.017428907792452986,-0.4390225378882614,0.04187583429754972
leakW,4,3.0,0.5,2.0,0,0.058558517451807596,0.3627905661932416,0.37398994561083576,-0.009282175523542935,-0.6359743318248929,0.10606087399140529
leakW,4,3.0,0.5,2.0,1,0.0645807309303604,0.38113998749592287,0.4050922060998152,0.001760037401564718,-0.34545362841012694,0.0770858543958438
leakW,4,3.0,0.5,2.0,3,0.062264129020451815,0.374291049294176,0.4033152078660247,0.003640926080779261,-0.44333307102716557,0.08903110941096633
leakW,4,3.0,0.5,2.0,2,0.0650542648625554,0.3825093476842221,0.40200834632195126,0.015515568111250433,-0.5185059572316153,0.10213297140069093
leakW,4,3.0,0.5,2.0,5,0.058614423254846365,0.36296930010254325,0.373507469119692,-0.020085420871448045,-0.5560399110516111,0.09882800968181875
leakW,4,3.0,0.5,2.0,4,0.05873395531563911,0.36335089762634226,0.3928363613666386,0.0077504005917501395,-0.4373118602589696,0.0843513699815692
leakW,4,3.0,0.5,2.0,6,0.05651455030690244,0.3561405947497714,0.40027956140886567,-0.0046133576140394705,-0.3331792612632537,0.07571514255241402
leakW,4,3.0,0.5,2.0,7,0.06961189435048466,0.39518713299467556,0.4108434440646729,0.011171977148753509,-0.3278610890353322,0.07353259253387287
leakW,4,3.0,0.5,2.0,8,0.061442778750447,0.37180128223217723,0.4075403317353188,0.010808758480467251,-0.443903320745619,0.09298723180354583
leakW,4,3.0,0.5,2.0,9,0.06013188357101231,0.36775846023879954,0.3822079762195274,0.0033968837363100857,-0.3873745135415473,0.07688688624925635
leakW,4,3.0,0.5,2.0,10,0.05750561814604011,0.3593932873796313,0.3720375232207458,-0.013372842950232222,-0.6293139530587708,0.1094096363547688
leakW,4,3.0,0.5,2.0,11,0.06346253290262655,0.37786553334684037,0.4071728393920362,-0.022999535669056548,-0.4709131200022014,0.09298125977945268
