rep,v_global,v_fold,bias_global,bias_fold,law_global,law_fold
0,0.06282512456951748,0.06321075368883902,0.23880216541004629,0.24194668180867085,0.17733432278888944,0.17835811047676361
1,0.06387512391522752,0.06461717588699718,0.24706937559190556,0.2475033162998579,0.18012017335311978,0.18208566614518698
2,0.07079032316856615,0.07154886477137014,0.18187862376556874,0.1833994768976852,0.19833105035659399,0.20031433131134738
3,0.06044535470777976,0.061099227855218825,0.23516285171440932,0.2367504279143564,0.1709999136856127,0.17274320700068066
4,0.0626894080710761,0.06313064796993384,0.20022690352623873,0.20299422369359488,0.17697383900211955,0.17814550288005399
5,0.07349741911348331,0.07351637540437805,0.244662293614325,0.24441922545534678,0.2053961690215679,0.20544551649718107
6,0.06861331583499931,0.06892098809897133,0.12244909266456783,0.12392118858403744,0.19262341621127707,0.19343147585176781
7,0.05813802696292973,0.05853898947539805,0.1991917464088171,0.19968002391056006,0.16483112452672447,0.16590505420421808
8,0.05565792940739929,0.05563923169288497,0.18390118812188927,0.18731330186966177,0.1581703538341532,0.15812001872171413
9,0.07100404165398799,0.07161518646788388,0.14112587221958717,0.14676791912533615,0.1988901224247502,0.20048760237506258
10,0.061628043692587675,0.062015766730500826,0.21112663480107674,0.21265738641776877,0.1741515139659398,0.17518318090913448
11,0.0554889774995439,0.0555565733812249,0.1719988052188972,0.17307084639522818,0.15771546273556764,0.1578974773562234
12,0.05924146066475403,0.05946647727513145,0.20250620498580174,0.20351362477285395,0.16778457848763456,0.16838610343219576
13,0.06058704971947837,0.06117605386076959,0.1691762933359775,0.17052126303607795,0.17137786964918186,0.17294789202469923
14,0.060645731800616186,0.06061276166059824,0.1814770771432328,0.18067941728406023,0.17153436811835465,0.17144644261784203
15,0.07179061483755579,0.07304569709557253,0.20293792816011713,0.20798488440350638,0.2009458205092698,0.20421971951414458
16,0.06702011380063218,0.06777143487370133,0.2345725278732853,0.23298123644555302,0.18843163198277232,0.19040994915279083
17,0.059455923431474426,0.05971428554889572,0.15375021793695076,0.15489012096788635,0.168357896113986,0.16904826054496122
18,0.06268774986224643,0.06351665560121203,0.20645769272091297,0.21090967185766352,0.17696943397636555,0.17916970627593706
19,0.05731560044905817,0.05786577847686643,0.1704481784515841,0.1695344279727402,0.16262580564795037,0.1641014757850923
20,0.0600255364228928,0.060663469907041134,0.2090732055278326,0.21104888126179389,0.16987950108858282,0.17158167023238147
21,0.06761731988597165,0.06788398777649429,0.19506136693852594,0.19376064170014184,0.19000437317706764,0.19070607449927116
22,0.06188424853496635,0.06323632398696893,0.16471365516550662,0.16643439348585254,0.1748333171539513,0.17842596954318493
23,0.06091742838094067,0.06141234992441438,0.1908841163946815,0.19101143285193034,0.1722587265077916,0.17357726220762656
