N,dz,rho,max_dobrushin,one_minus_eps,doeblin_ok,max_dgamma,mean_dgamma,max_ratio,mean_sq
2000,0.5,0.9,0.799999999972259,0.9,True,1.2147135483353555,0.08577729784205439,0.017595601352009948,0.03060951707474556
8000,0.5,0.9,0.7999999270492437,0.9,True,1.2817028784090079,0.07971025528242232,0.02053876027175616,0.02718932445380593
32000,0.5,0.9,0.7999999993545006,0.9,True,1.3223548256463546,0.0842324019752615,0.02016596818271533,0.030251348884095138
2000,0.5,0.97,0.9399991505559531,0.97,True,0.9464377747342434,0.035208144892669116,0.0040246543567497885,0.01094784070290406
8000,0.5,0.97,0.9399999311669589,0.97,True,1.3683973742550926,0.03914134091785867,0.006183044760344179,0.01757790423306689
32000,0.5,0.97,0.93999999988301,0.97,True,1.8865269505241589,0.03547268170255001,0.0075802166044386474,0.01542100748672636
2000,1.2,0.9,0.7999902388143744,0.9,True,0.5172871851977234,0.0047140611502430405,0.004664128257168808,0.0011415982452738552
8000,1.2,0.9,0.7999959541912444,0.9,True,0.7826446002157095,0.004315168151049472,0.005497865189251551,0.001068503335757748
32000,1.2,0.9,0.7999965994060022,0.9,True,0.9534258284416008,0.005012607663829918,0.006608809686086982,0.0012689124735441165
2000,1.2,0.97,0.9399993319347891,0.97,True,0.47967547428307,0.0010875501916441967,0.0009307052196726715,0.0002453007279713407
8000,1.2,0.97,0.9399781287572615,0.97,True,0.7038767367950616,0.0013057451949249513,0.0013756760397452459,0.00034730787797756087
32000,1.2,0.97,0.939998269617403,0.97,True,0.80203265904355,0.0012052633710675103,0.0016449972622717766,0.00025861705958747866
