dT,snr,rep,bias,v_resid,law
1.0,0.5,0,0.917543689933779,0.4222196262278723,0.8906211497327973
1.0,0.5,1,0.853419448116276,0.37066384434772043,0.8112795399315011
1.0,0.5,2,0.67939364708218,0.3027184353536642,0.6971232473688338
1.0,0.5,3,0.7673718645565213,0.32956154975409524,0.7436170589057308
1.0,0.5,4,0.8393307023792158,0.3679853992271165,0.8069941377335328
1.0,0.5,5,0.9035948121718409,0.3813873894597574,0.828270315126258
1.0,0.5,6,0.9288677442656574,0.4310843784066969,0.9036875496187995
1.0,0.5,7,0.8282429058876086,0.3779061912052304,0.8227835689046781
1.0,0.5,8,0.8070177218655492,0.3477255877186359,0.7740275710886713
1.0,0.5,9,0.9071920130326969,0.4205758173065193,0.8881802974176023
1.0,0.5,10,0.7645982491789889,0.3315391739692004,0.7469682765267314
1.0,0.5,11,0.8159590430042991,0.3489061522401145,0.7759757452229491
1.0,1.0,0,0.8747628288796119,0.39368622859384367,0.847435141102856
1.0,1.0,1,0.7925290664719504,0.33215526070710816,0.7480102443857786
1.0,1.0,2,0.6246558018287611,0.270710685999737,0.6391164148905089
1.0,1.0,3,0.7073635705158134,0.29977913478194773,0.6919155572509762
1.0,1.0,4,0.7627825964556274,0.3317179179310345,0.7472706797691666
1.0,1.0,5,0.8660497260221012,0.362362317142316,0.7979426161075973
1.0,1.0,6,0.8282501622104435,0.3691314532764086,0.8088298294361499
1.0,1.0,7,0.7731012090294993,0.349408319409858,0.7768033909024648
1.0,1.0,8,0.7655600672179732,0.32392348529348336,0.734008019855491
1.0,1.0,9,0.8817610262665236,0.39763767228261304,0.853520937869098
1.0,1.0,10,0.6798194023729405,0.2824766532230968,0.660776129951017
1.0,1.0,11,0.7321796097795852,0.29930111161280676,0.6910663947049684
2.0,0.5,0,0.8734997992120748,0.34170989312410865,0.86624348458993
2.0,0.5,1,0.9751348017938983,0.43828921167876866,0.9551708879972738
2.0,0.5,2,0.8267853366772016,0.3247010008009296,0.8474867809915366
2.0,0.5,3,0.9263393222552871,0.4273447311614552,0.9463675839672058
2.0,0.5,4,0.8766386050624047,0.33817165036645563,0.8624310186212492
2.0,0.5,5,0.8946436204326673,0.34470769114503114,0.8694381196281707
2.0,0.5,6,0.9372194175341502,0.4075790924524743,0.9297263944304881
2.0,0.5,7,0.8164767412945964,0.2770264321001502,0.7884607352506767
2.0,0.5,8,0.9129982399351433,0.3765798538777591,0.9015128356278757
2.0,0.5,9,0.9598998650622235,0.41168541243307116,0.933265426509715
2.0,0.5,10,0.8818070373214446,0.34234825557065773,0.866926471930382
2.0,0.5,11,0.9315874216696196,0.36665494745227034,0.8918803351058407
2.0,1.0,0,0.8618866850978963,0.3319610489122714,0.8556269776114691
2.0,1.0,1,0.9458898832325222,0.40145249452645454,0.9243632449783
2.0,1.0,2,0.7914040909579059,0.29048446721150634,0.8061780259204891
2.0,1.0,3,0.9315130902521991,0.42717530169925333,0.9462290649717985
2.0,1.0,4,0.8254597596173352,0.2974996076562789,0.8150680023218837
2.0,1.0,5,0.868455596605815,0.32309062124566107,0.8456532246420198
2.0,1.0,6,0.9243630364068185,0.3861125211661985,0.9104816561187877
2.0,1.0,7,0.7855289984162197,0.2517848417557392,0.7526677396473768
2.0,1.0,8,0.8941220920301398,0.352379654786831,0.8774690147317403
2.0,1.0,9,0.9345447298080232,0.390194229618346,0.9142402685766824
2.0,1.0,10,0.8433466533115803,0.3101835944441011,0.8305766114551573
2.0,1.0,11,0.8831919685428957,0.3292158116593108,0.8525729228183235
