dz,dT,v_hat,dml,joint,prox,dml_rmse,joint_rmse,prox_rmse
0.0,0.5,0.16916551838376268,0.33975117511243547,-0.018742292160194976,-2.2561981932798494,0.3404864700472293,0.02511598832996437,6.424062802377995
0.0,1.0,0.16384309936325042,0.599495074685092,-0.004654264519646789,0.07896170095465199,0.6004426053097989,0.01714217142266704,0.5253745808523985
0.0,2.0,0.16604777460262662,0.751484328153834,0.00474451835178967,1.114397040424044,0.751603829200679,0.010612165927889647,3.777662110981858
0.0,4.0,0.1690636394894669,0.6005683916514994,0.0030886633881045955,-1.425975708224173,0.6005746644674688,0.011057729605410122,4.291913834678562
0.25,0.5,0.13797160943354114,0.2788077715530348,-0.0015397627468227842,-0.0050791223656087015,0.2820567601860572,0.02159168426434112,0.024037637306176286
0.25,1.0,0.1340818305899438,0.4503410290831651,-0.0008940848338285512,-0.010938455307942838,0.4510392154959562,0.010312564838348488,0.049317280034078245
0.25,2.0,0.14159007269257926,0.6498388417713182,0.007792260314593541,-0.01857908080659197,0.6499046248328091,0.015746004748681566,0.07225399685545776
0.25,4.0,0.1383063513636198,0.5652927538275708,-0.0011301851517682843,-0.03460039124195666,0.5653831701109623,0.013925456450870281,0.16025971549251147
0.5,0.5,0.05919852472569377,0.10043676597390344,-0.007889358558049814,0.006890791356323506,0.10264366007240044,0.02072663902855062,0.04870286628952154
0.5,1.0,0.06358656972801124,0.2087586828082553,-0.008323715903782516,0.0040639172843490445,0.21145879963589137,0.023650089397173616,0.03305488610769613
0.5,2.0,0.06051608333714405,0.33571704782622286,0.011223714894412304,-0.02079765799910599,0.3376801314019107,0.02717291516681362,0.052441178316928364
0.5,4.0,0.0614065404921455,0.39085138335193287,-0.004851018731872478,-0.01811740129963041,0.39111932012274137,0.017840972850654047,0.036065812250856435
1.0,0.5,0.010616153393164667,0.020210468499053613,0.003013395021164114,0.016641519578309838,0.026151900759615328,0.013899806920832758,0.02624493829791971
1.0,1.0,0.010999221122356505,0.025148210137579327,-0.010531512685791139,-0.025199960636900373,0.03472406701834752,0.02561348101863186,0.03431412955342354
1.0,2.0,0.011064606717441234,0.08453749218060355,0.00812318706056038,0.010980262885208994,0.0856313543620395,0.011981218540959654,0.039401268087703015
1.0,4.0,0.010157938506425815,0.12449704269849954,0.010158562470793414,0.012922003012307573,0.12599364648069286,0.015413650149527565,0.02246632379193716
